ID,Labeled Data,Label,Created By,Project Name,Created At,Seconds to Label,External ID,Agreement,Dataset Name,Reviews,View Label
cjmad7z2cec870728oe5htdx4,https://firebasestorage.googleapis.com/v0/b/labelbox-193903.appspot.com/o/cjmacxyase88h0728ibuxr243%2Fb7914739-caff-4df5-aacf-fe4ba3bdf3c6%2F01251.jpg?alt=media&token=47e8b372-3a1d-497b-bb9b-e1d0aae6a588,"{""Cube"":[{""geometry"":[{""x"":105,""y"":35},{""x"":105,""y"":0},{""x"":175,""y"":0},{""x"":175,""y"":35}]}]}",vatanaksoytezer@gmail.com,Explore the example project,1537435198000,3.489,01251.jpg,,Power-Cubes,[],https://image-segmentation-v4.labelbox.com?project=cjmacxybi4pxl0780cqk0o2n0&label=cjmad7z2cec870728oe5htdx4
cjmad83ameca40728taubeexy,https://firebasestorage.googleapis.com/v0/b/labelbox-193903.appspot.com/o/cjmacxyase88h0728ibuxr243%2Fb7914739-caff-4df5-aacf-fe4ba3bdf3c6%2F01252.jpg?alt=media&token=7cb97f2b-f0ee-4c8e-8949-14da05b06843,"{""Cube"":[{""geometry"":[{""x"":114,""y"":36},{""x"":114,""y"":2},{""x"":183,""y"":2},{""x"":183,""y"":36}]}]}",vatanaksoytezer@gmail.com,Explore the example project,1537435204000,5.476,01252.jpg,,Power-Cubes,[],https://image-segmentation-v4.labelbox.com?project=cjmacxybi4pxl0780cqk0o2n0&label=cjmad83ameca40728taubeexy
cjmad86iyeccc07285rdxprjg,https://firebasestorage.googleapis.com/v0/b/labelbox-193903.appspot.com/o/cjmacxyase88h0728ibuxr243%2Fb7914739-caff-4df5-aacf-fe4ba3bdf3c6%2F01253.jpg?alt=media&token=d91124cc-3b89-4b0f-9c6d-ea03d700176b,"{""Cube"":[{""geometry"":[{""x"":85,""y"":50},{""x"":85,""y"":0},{""x"":152,""y"":0},{""x"":152,""y"":50}]}]}",vatanaksoytezer@gmail.com,Explore the example project,1537435208000,3.934,01253.jpg,,Power-Cubes,[],https://image-segmentation-v4.labelbox.com?project=cjmacxybi4pxl0780cqk0o2n0&label=cjmad86iyeccc07285rdxprjg
cjmad89av4t770780obvzjqkz,https://firebasestorage.googleapis.com/v0/b/labelbox-193903.appspot.com/o/cjmacxyase88h0728ibuxr243%2Fb7914739-caff-4df5-aacf-fe4ba3bdf3c6%2F01254.jpg?alt=media&token=05ffb6b1-16f2-4a7c-8f1b-0544d50e258b,"{""Cube"":[{""geometry"":[{""x"":88,""y"":59},{""x"":88,""y"":0},{""x"":147,""y"":0},{""x"":147,""y"":59}]}]}",vatanaksoytezer@gmail.com,Explore the example project,1537435211000,3.839,01254.jpg,,Power-Cubes,[],https://image-segmentation-v4.labelbox.com?project=cjmacxybi4pxl0780cqk0o2n0&label=cjmad89av4t770780obvzjqkz
cjmad8bm14t8b0780ncyggz39,https://firebasestorage.googleapis.com/v0/b/labelbox-193903.appspot.com/o/cjmacxyase88h0728ibuxr243%2Fb7914739-caff-4df5-aacf-fe4ba3bdf3c6%2F01255.jpg?alt=media&token=64209c5d-ff3a-4697-b57d-54ce8b82b01a,"{""Cube"":[{""geometry"":[{""x"":102,""y"":41},{""x"":102,""y"":0},{""x"":165,""y"":0},{""x"":165,""y"":41}]}]}",vatanaksoytezer@gmail.com,Explore the example project,1537435214000,2.958,01255.jpg,,Power-Cubes,[],https://image-segmentation-v4.labelbox.com?project=cjmacxybi4pxl0780cqk0o2n0&label=cjmad8bm14t8b0780ncyggz39
cjmad8dma4t9a0780zqpb3f3q,https://firebasestorage.googleapis.com/v0/b/labelbox-193903.appspot.com/o/cjmacxyase88h0728ibuxr243%2Fb7914739-caff-4df5-aacf-fe4ba3bdf3c6%2F01256.jpg?alt=media&token=dd809740-a68e-43dc-a6b2-ae2998819301,"{""Cube"":[{""geometry"":[{""x"":102,""y"":46},{""x"":102,""y"":1},{""x"":172,""y"":1},{""x"":172,""y"":46}]}]}",vatanaksoytezer@gmail.com,Explore the example project,1537435217000,2.571,01256.jpg,,Power-Cubes,[],https://image-segmentation-v4.labelbox.com?project=cjmacxybi4pxl0780cqk0o2n0&label=cjmad8dma4t9a0780zqpb3f3q
cjmad8irmecgp0728lao212tx,https://firebasestorage.googleapis.com/v0/b/labelbox-193903.appspot.com/o/cjmacxyase88h0728ibuxr243%2Fb7914739-caff-4df5-aacf-fe4ba3bdf3c6%2F01257.jpg?alt=media&token=f487c37f-4ba7-4f3f-9ef0-bdb77a8123e2,"{""Cube"":[{""geometry"":[{""x"":197,""y"":78},{""x"":115,""y"":78},{""x"":115,""y"":2},{""x"":197,""y"":2}]}]}",vatanaksoytezer@gmail.com,Explore the example project,1537435224000,6.696,01257.jpg,,Power-Cubes,[],https://image-segmentation-v4.labelbox.com?project=cjmacxybi4pxl0780cqk0o2n0&label=cjmad8irmecgp0728lao212tx
cjmad8lr6eci30728x77rvi6x,https://firebasestorage.googleapis.com/v0/b/labelbox-193903.appspot.com/o/cjmacxyase88h0728ibuxr243%2Fb7914739-caff-4df5-aacf-fe4ba3bdf3c6%2F01258.jpg?alt=media&token=d0e39810-d6bf-49b3-99c9-897b67049a37,"{""Cube"":[{""geometry"":[{""x"":117,""y"":74},{""x"":117,""y"":1},{""x"":208,""y"":1},{""x"":208,""y"":74}]}]}",vatanaksoytezer@gmail.com,Explore the example project,1537435227000,3.856,01258.jpg,,Power-Cubes,[],https://image-segmentation-v4.labelbox.com?project=cjmacxybi4pxl0780cqk0o2n0&label=cjmad8lr6eci30728x77rvi6x
cjmad8oce4tce0780idk0f0y2,https://firebasestorage.googleapis.com/v0/b/labelbox-193903.appspot.com/o/cjmacxyase88h0728ibuxr243%2Fb7914739-caff-4df5-aacf-fe4ba3bdf3c6%2F01259.jpg?alt=media&token=8ebf51b1-f7b8-4daa-bb13-36517c5eeb71,"{""Cube"":[{""geometry"":[{""x"":94,""y"":66},{""x"":94,""y"":0},{""x"":192,""y"":0},{""x"":192,""y"":66}]}]}",vatanaksoytezer@gmail.com,Explore the example project,1537435231000,3.331,01259.jpg,,Power-Cubes,[],https://image-segmentation-v4.labelbox.com?project=cjmacxybi4pxl0780cqk0o2n0&label=cjmad8oce4tce0780idk0f0y2
cjmad8rti4tdt07803o7s7av8,https://firebasestorage.googleapis.com/v0/b/labelbox-193903.appspot.com/o/cjmacxyase88h0728ibuxr243%2Fb7914739-caff-4df5-aacf-fe4ba3bdf3c6%2F01260.jpg?alt=media&token=3cf0b0a0-82c2-47ed-8fd4-570fbfce0e39,"{""Cube"":[{""geometry"":[{""x"":128,""y"":74},{""x"":128,""y"":1},{""x"":230,""y"":1},{""x"":230,""y"":74}]}]}",vatanaksoytezer@gmail.com,Explore the example project,1537435235000,4.482,01260.jpg,,Power-Cubes,[],https://image-segmentation-v4.labelbox.com?project=cjmacxybi4pxl0780cqk0o2n0&label=cjmad8rti4tdt07803o7s7av8
cjmad8u6p4tf70780szjuvuhv,https://firebasestorage.googleapis.com/v0/b/labelbox-193903.appspot.com/o/cjmacxyase88h0728ibuxr243%2Fb7914739-caff-4df5-aacf-fe4ba3bdf3c6%2F01261.jpg?alt=media&token=6cbf7c58-e4fc-41f5-8773-bfe604ffd88d,"{""Cube"":[{""geometry"":[{""x"":84,""y"":56},{""x"":84,""y"":1},{""x"":188,""y"":1},{""x"":188,""y"":56}]}]}",vatanaksoytezer@gmail.com,Explore the example project,1537435238000,3.065,01261.jpg,,Power-Cubes,[],https://image-segmentation-v4.labelbox.com?project=cjmacxybi4pxl0780cqk0o2n0&label=cjmad8u6p4tf70780szjuvuhv
cjmad8wwq4tgs0780boli2mla,https://firebasestorage.googleapis.com/v0/b/labelbox-193903.appspot.com/o/cjmacxyase88h0728ibuxr243%2Fb7914739-caff-4df5-aacf-fe4ba3bdf3c6%2F01262.jpg?alt=media&token=a8834345-bb80-4615-9e40-3267f646fa15,"{""Cube"":[{""geometry"":[{""x"":96,""y"":64},{""x"":96,""y"":2},{""x"":204,""y"":2},{""x"":204,""y"":64}]}]}",vatanaksoytezer@gmail.com,Explore the example project,1537435242000,3.317,01262.jpg,,Power-Cubes,[],https://image-segmentation-v4.labelbox.com?project=cjmacxybi4pxl0780cqk0o2n0&label=cjmad8wwq4tgs0780boli2mla
cjmad907zecpr0728o5y8psvi,https://firebasestorage.googleapis.com/v0/b/labelbox-193903.appspot.com/o/cjmacxyase88h0728ibuxr243%2Fb7914739-caff-4df5-aacf-fe4ba3bdf3c6%2F01263.jpg?alt=media&token=67714656-60a8-4eb7-b467-d21a03071b26,"{""Cube"":[{""geometry"":[{""x"":124,""y"":82},{""x"":124,""y"":2},{""x"":232,""y"":2},{""x"":232,""y"":82}]}]}",vatanaksoytezer@gmail.com,Explore the example project,1537435246000,4.436,01263.jpg,,Power-Cubes,[],https://image-segmentation-v4.labelbox.com?project=cjmacxybi4pxl0780cqk0o2n0&label=cjmad907zecpr0728o5y8psvi
cjmad92gf4tj407809jcvacv6,https://firebasestorage.googleapis.com/v0/b/labelbox-193903.appspot.com/o/cjmacxyase88h0728ibuxr243%2Fb7914739-caff-4df5-aacf-fe4ba3bdf3c6%2F01264.jpg?alt=media&token=b664f922-b02a-4e83-ad00-af82a26f4c7c,"{""Cube"":[{""geometry"":[{""x"":110,""y"":88},{""x"":110,""y"":3},{""x"":222,""y"":3},{""x"":222,""y"":88}]}]}",vatanaksoytezer@gmail.com,Explore the example project,1537435249000,2.758,01264.jpg,,Power-Cubes,[],https://image-segmentation-v4.labelbox.com?project=cjmacxybi4pxl0780cqk0o2n0&label=cjmad92gf4tj407809jcvacv6
cjmad95104tki0780g5ut0za8,https://firebasestorage.googleapis.com/v0/b/labelbox-193903.appspot.com/o/cjmacxyase88h0728ibuxr243%2Fb7914739-caff-4df5-aacf-fe4ba3bdf3c6%2F01265.jpg?alt=media&token=f2597e56-5d72-4096-909f-90b8e3b17537,"{""Cube"":[{""geometry"":[{""x"":127,""y"":74},{""x"":127,""y"":2},{""x"":222,""y"":2},{""x"":222,""y"":74}]}]}",vatanaksoytezer@gmail.com,Explore the example project,1537435252000,3.305,01265.jpg,,Power-Cubes,[],https://image-segmentation-v4.labelbox.com?project=cjmacxybi4pxl0780cqk0o2n0&label=cjmad95104tki0780g5ut0za8
cjmad97ycecsz0728iex6x53q,https://firebasestorage.googleapis.com/v0/b/labelbox-193903.appspot.com/o/cjmacxyase88h0728ibuxr243%2Fb7914739-caff-4df5-aacf-fe4ba3bdf3c6%2F01266.jpg?alt=media&token=6b020901-be7a-4820-9087-37bde21cf06d,"{""Cube"":[{""geometry"":[{""x"":104,""y"":86},{""x"":104,""y"":3},{""x"":212,""y"":3},{""x"":212,""y"":86}]}]}",vatanaksoytezer@gmail.com,Explore the example project,1537435256000,3.823,01266.jpg,,Power-Cubes,[],https://image-segmentation-v4.labelbox.com?project=cjmacxybi4pxl0780cqk0o2n0&label=cjmad97ycecsz0728iex6x53q
cjmad9ad9ectp0728fqebydx6,https://firebasestorage.googleapis.com/v0/b/labelbox-193903.appspot.com/o/cjmacxyase88h0728ibuxr243%2Fb7914739-caff-4df5-aacf-fe4ba3bdf3c6%2F01267.jpg?alt=media&token=bb30cc46-1273-49eb-a48b-385ade74eedb,"{""Cube"":[{""geometry"":[{""x"":113,""y"":89},{""x"":113,""y"":1},{""x"":213,""y"":1},{""x"":213,""y"":89}]}]}",vatanaksoytezer@gmail.com,Explore the example project,1537435259000,3.176,01267.jpg,,Power-Cubes,[],https://image-segmentation-v4.labelbox.com?project=cjmacxybi4pxl0780cqk0o2n0&label=cjmad9ad9ectp0728fqebydx6
cjmad9gmsecwk0728q7vjsvwl,https://firebasestorage.googleapis.com/v0/b/labelbox-193903.appspot.com/o/cjmacxyase88h0728ibuxr243%2Fb7914739-caff-4df5-aacf-fe4ba3bdf3c6%2F01268.jpg?alt=media&token=59136b99-6e8b-4269-8c45-2a3f572852ca,"{""Cube"":[{""geometry"":[{""x"":187,""y"":71},{""x"":95,""y"":71},{""x"":95,""y"":0},{""x"":187,""y"":0}]}]}",vatanaksoytezer@gmail.com,Explore the example project,1537435267000,8.139,01268.jpg,,Power-Cubes,[],https://image-segmentation-v4.labelbox.com?project=cjmacxybi4pxl0780cqk0o2n0&label=cjmad9gmsecwk0728q7vjsvwl
cjmad9j1lecy60728cplegxpf,https://firebasestorage.googleapis.com/v0/b/labelbox-193903.appspot.com/o/cjmacxyase88h0728ibuxr243%2Fb7914739-caff-4df5-aacf-fe4ba3bdf3c6%2F01269.jpg?alt=media&token=0ea1cdd6-f9a3-4c34-aa72-9f679fc307d1,"{""Cube"":[{""geometry"":[{""x"":103,""y"":69},{""x"":103,""y"":2},{""x"":196,""y"":2},{""x"":196,""y"":69}]}]}",vatanaksoytezer@gmail.com,Explore the example project,1537435271000,3.122,01269.jpg,,Power-Cubes,[],https://image-segmentation-v4.labelbox.com?project=cjmacxybi4pxl0780cqk0o2n0&label=cjmad9j1lecy60728cplegxpf
cjmad9lb4ecyz0728vtzqv6c9,https://firebasestorage.googleapis.com/v0/b/labelbox-193903.appspot.com/o/cjmacxyase88h0728ibuxr243%2Fb7914739-caff-4df5-aacf-fe4ba3bdf3c6%2F01270.jpg?alt=media&token=8e867dc6-1f37-40a3-921b-fb6a6270f485,"{""Cube"":[{""geometry"":[{""x"":128,""y"":53},{""x"":128,""y"":0},{""x"":219,""y"":0},{""x"":219,""y"":53}]}]}",vatanaksoytezer@gmail.com,Explore the example project,1537435274000,2.924,01270.jpg,,Power-Cubes,[],https://image-segmentation-v4.labelbox.com?project=cjmacxybi4pxl0780cqk0o2n0&label=cjmad9lb4ecyz0728vtzqv6c9
cjmad9ntfed0e0728bpqj477m,https://firebasestorage.googleapis.com/v0/b/labelbox-193903.appspot.com/o/cjmacxyase88h0728ibuxr243%2Fb7914739-caff-4df5-aacf-fe4ba3bdf3c6%2F01271.jpg?alt=media&token=9936af39-7ddb-48d2-918b-68ca51f04755,"{""Cube"":[{""geometry"":[{""x"":92,""y"":106},{""x"":92,""y"":0},{""x"":193,""y"":0},{""x"":193,""y"":106}]}]}",vatanaksoytezer@gmail.com,Explore the example project,1537435277000,3.206,01271.jpg,,Power-Cubes,[],https://image-segmentation-v4.labelbox.com?project=cjmacxybi4pxl0780cqk0o2n0&label=cjmad9ntfed0e0728bpqj477m
cjmad9qgt4ts60780febweimx,https://firebasestorage.googleapis.com/v0/b/labelbox-193903.appspot.com/o/cjmacxyase88h0728ibuxr243%2Fb7914739-caff-4df5-aacf-fe4ba3bdf3c6%2F01272.jpg?alt=media&token=d712ca16-ac1f-4c32-9c1c-f1d8529eeca5,"{""Cube"":[{""geometry"":[{""x"":94,""y"":81},{""x"":94,""y"":0},{""x"":208,""y"":0},{""x"":208,""y"":81}]}]}",vatanaksoytezer@gmail.com,Explore the example project,1537435280000,3.422,01272.jpg,,Power-Cubes,[],https://image-segmentation-v4.labelbox.com?project=cjmacxybi4pxl0780cqk0o2n0&label=cjmad9qgt4ts60780febweimx
cjmad9t0jed200728est74qi3,https://firebasestorage.googleapis.com/v0/b/labelbox-193903.appspot.com/o/cjmacxyase88h0728ibuxr243%2Fb7914739-caff-4df5-aacf-fe4ba3bdf3c6%2F01273.jpg?alt=media&token=f2a98b92-8bd7-4f2b-a51a-24bf946c592b,"{""Cube"":[{""geometry"":[{""x"":110,""y"":94},{""x"":110,""y"":1},{""x"":227,""y"":1},{""x"":227,""y"":94}]}]}",vatanaksoytezer@gmail.com,Explore the example project,1537435283000,3.311,01273.jpg,,Power-Cubes,[],https://image-segmentation-v4.labelbox.com?project=cjmacxybi4pxl0780cqk0o2n0&label=cjmad9t0jed200728est74qi3
cjmad9yzied5707284inf8qw8,https://firebasestorage.googleapis.com/v0/b/labelbox-193903.appspot.com/o/cjmacxyase88h0728ibuxr243%2Fb7914739-caff-4df5-aacf-fe4ba3bdf3c6%2F01274.jpg?alt=media&token=eb192c9a-1f69-4f56-8088-d68cf275e0e1,"{""Cube"":[{""geometry"":[{""x"":108,""y"":95},{""x"":108,""y"":1},{""x"":233,""y"":1},{""x"":233,""y"":95}]}]}",vatanaksoytezer@gmail.com,Explore the example project,1537435291000,7.715,01274.jpg,,Power-Cubes,[],https://image-segmentation-v4.labelbox.com?project=cjmacxybi4pxl0780cqk0o2n0&label=cjmad9yzied5707284inf8qw8
cjmada5by4txn07804oymhtru,https://firebasestorage.googleapis.com/v0/b/labelbox-193903.appspot.com/o/cjmacxyase88h0728ibuxr243%2Fb7914739-caff-4df5-aacf-fe4ba3bdf3c6%2F01275.jpg?alt=media&token=bfbe2edb-22e4-48eb-a4f9-b6a5fc69c2e6,"{""Cube"":[{""geometry"":[{""x"":197,""y"":111},{""x"":68,""y"":111},{""x"":68,""y"":0},{""x"":197,""y"":0}]}]}",vatanaksoytezer@gmail.com,Explore the example project,1537435299000,8.185,01275.jpg,,Power-Cubes,[],https://image-segmentation-v4.labelbox.com?project=cjmacxybi4pxl0780cqk0o2n0&label=cjmada5by4txn07804oymhtru
cjmada90n4u0j0780tnpbg80i,https://firebasestorage.googleapis.com/v0/b/labelbox-193903.appspot.com/o/cjmacxyase88h0728ibuxr243%2Fb7914739-caff-4df5-aacf-fe4ba3bdf3c6%2F01276.jpg?alt=media&token=43020c1e-f7ca-4fa9-a7a3-ba8cb2159c00,"{""Cube"":[{""geometry"":[{""x"":81,""y"":92},{""x"":81,""y"":1},{""x"":210,""y"":1},{""x"":210,""y"":92}]}]}",vatanaksoytezer@gmail.com,Explore the example project,1537435304000,4.787,01276.jpg,,Power-Cubes,[],https://image-segmentation-v4.labelbox.com?project=cjmacxybi4pxl0780cqk0o2n0&label=cjmada90n4u0j0780tnpbg80i
cjmadad24ed9k0728y693szkq,https://firebasestorage.googleapis.com/v0/b/labelbox-193903.appspot.com/o/cjmacxyase88h0728ibuxr243%2Fb7914739-caff-4df5-aacf-fe4ba3bdf3c6%2F01277.jpg?alt=media&token=8d3383da-750d-4b4f-bcff-024eff44b88e,"{""Cube"":[{""geometry"":[{""x"":60,""y"":107},{""x"":60,""y"":0},{""x"":189,""y"":0},{""x"":189,""y"":107}]}]}",vatanaksoytezer@gmail.com,Explore the example project,1537435309000,5.218,01277.jpg,,Power-Cubes,[],https://image-segmentation-v4.labelbox.com?project=cjmacxybi4pxl0780cqk0o2n0&label=cjmadad24ed9k0728y693szkq
cjmadaq5u4u5o07809u63wir2,https://firebasestorage.googleapis.com/v0/b/labelbox-193903.appspot.com/o/cjmacxyase88h0728ibuxr243%2Fb7914739-caff-4df5-aacf-fe4ba3bdf3c6%2F01293.jpg?alt=media&token=74a7f46d-07c8-4507-8b1a-35412dcfe814,"{""Cube"":[{""geometry"":[{""x"":25,""y"":0},{""x"":25,""y"":166},{""x"":208,""y"":166},{""x"":208,""y"":0}]}]}",vatanaksoytezer@gmail.com,Explore the example project,1537435326000,16.733,01293.jpg,,Power-Cubes,[],https://image-segmentation-v4.labelbox.com?project=cjmacxybi4pxl0780cqk0o2n0&label=cjmadaq5u4u5o07809u63wir2
cjmadb3haedhs0728601qzydm,https://firebasestorage.googleapis.com/v0/b/labelbox-193903.appspot.com/o/cjmacxyase88h0728ibuxr243%2Fb7914739-caff-4df5-aacf-fe4ba3bdf3c6%2F01294.jpg?alt=media&token=b601a96c-0649-4d35-b8c3-0447a93c73ab,"{""Cube"":[{""geometry"":[{""x"":69,""y"":145},{""x"":69,""y"":1},{""x"":229,""y"":1},{""x"":229,""y"":145}]}]}",vatanaksoytezer@gmail.com,Explore the example project,1537435344000,17.442,01294.jpg,,Power-Cubes,[],https://image-segmentation-v4.labelbox.com?project=cjmacxybi4pxl0780cqk0o2n0&label=cjmadb3haedhs0728601qzydm
cjmadb6vu4uc507805kr2e192,https://firebasestorage.googleapis.com/v0/b/labelbox-193903.appspot.com/o/cjmacxyase88h0728ibuxr243%2Fb7914739-caff-4df5-aacf-fe4ba3bdf3c6%2F01295.jpg?alt=media&token=8387014d-c786-4108-95e9-fa8af7b13294,"{""Cube"":[{""geometry"":[{""x"":67,""y"":0},{""x"":67,""y"":101},{""x"":204,""y"":101},{""x"":204,""y"":0}]}]}",vatanaksoytezer@gmail.com,Explore the example project,1537435348000,4.438,01295.jpg,,Power-Cubes,[],https://image-segmentation-v4.labelbox.com?project=cjmacxybi4pxl0780cqk0o2n0&label=cjmadb6vu4uc507805kr2e192
cjmadba6f4udz0780yf26szup,https://firebasestorage.googleapis.com/v0/b/labelbox-193903.appspot.com/o/cjmacxyase88h0728ibuxr243%2Fb7914739-caff-4df5-aacf-fe4ba3bdf3c6%2F01296.jpg?alt=media&token=28dd2fa7-fa9b-4c4c-901f-e0cc7fb0d2f1,"{""Cube"":[{""geometry"":[{""x"":91,""y"":87},{""x"":91,""y"":1},{""x"":208,""y"":1},{""x"":208,""y"":87}]}]}",vatanaksoytezer@gmail.com,Explore the example project,1537435352000,4.219,01296.jpg,,Power-Cubes,[],https://image-segmentation-v4.labelbox.com?project=cjmacxybi4pxl0780cqk0o2n0&label=cjmadba6f4udz0780yf26szup
cjmadbcmdedlt07288szjxqg6,https://firebasestorage.googleapis.com/v0/b/labelbox-193903.appspot.com/o/cjmacxyase88h0728ibuxr243%2Fb7914739-caff-4df5-aacf-fe4ba3bdf3c6%2F01297.jpg?alt=media&token=def5ca9c-ac5e-4e3c-a340-5f983e686d86,"{""Cube"":[{""geometry"":[{""x"":67,""y"":54},{""x"":67,""y"":2},{""x"":182,""y"":2},{""x"":182,""y"":54}]}]}",vatanaksoytezer@gmail.com,Explore the example project,1537435356000,3.18,01297.jpg,,Power-Cubes,[],https://image-segmentation-v4.labelbox.com?project=cjmacxybi4pxl0780cqk0o2n0&label=cjmadbcmdedlt07288szjxqg6
cjmadbgbaedn90728jqdas4tv,https://firebasestorage.googleapis.com/v0/b/labelbox-193903.appspot.com/o/cjmacxyase88h0728ibuxr243%2Fb7914739-caff-4df5-aacf-fe4ba3bdf3c6%2F01316.jpg?alt=media&token=c55138b3-3d15-4a03-b210-6bd77a18cc56,"{""Cube"":[{""geometry"":[{""x"":56,""y"":111},{""x"":56,""y"":0},{""x"":223,""y"":0},{""x"":223,""y"":111}]}]}",vatanaksoytezer@gmail.com,Explore the example project,1537435360000,4.745,01316.jpg,,Power-Cubes,[],https://image-segmentation-v4.labelbox.com?project=cjmacxybi4pxl0780cqk0o2n0&label=cjmadbgbaedn90728jqdas4tv
cjmadbjgf4ui40780m74xvs8k,https://firebasestorage.googleapis.com/v0/b/labelbox-193903.appspot.com/o/cjmacxyase88h0728ibuxr243%2Fb7914739-caff-4df5-aacf-fe4ba3bdf3c6%2F01317.jpg?alt=media&token=6a4a4a77-4839-4d53-bb36-d2fff8a57265,"{""Cube"":[{""geometry"":[{""x"":87,""y"":136},{""x"":87,""y"":6},{""x"":229,""y"":6},{""x"":229,""y"":136}]}]}",vatanaksoytezer@gmail.com,Explore the example project,1537435364000,4.028,01317.jpg,,Power-Cubes,[],https://image-segmentation-v4.labelbox.com?project=cjmacxybi4pxl0780cqk0o2n0&label=cjmadbjgf4ui40780m74xvs8k
cjmadblp9edqg0728zwjdjoam,https://firebasestorage.googleapis.com/v0/b/labelbox-193903.appspot.com/o/cjmacxyase88h0728ibuxr243%2Fb7914739-caff-4df5-aacf-fe4ba3bdf3c6%2F01318.jpg?alt=media&token=c99b46c7-443b-450a-96d9-cf313761abd6,"{""Cube"":[{""geometry"":[{""x"":141,""y"":88},{""x"":141,""y"":1},{""x"":249,""y"":1},{""x"":249,""y"":88}]}]}",vatanaksoytezer@gmail.com,Explore the example project,1537435367000,2.941,01318.jpg,,Power-Cubes,[],https://image-segmentation-v4.labelbox.com?project=cjmacxybi4pxl0780cqk0o2n0&label=cjmadblp9edqg0728zwjdjoam
cjmadbo6q4ulp078000phwb8n,https://firebasestorage.googleapis.com/v0/b/labelbox-193903.appspot.com/o/cjmacxyase88h0728ibuxr243%2Fb7914739-caff-4df5-aacf-fe4ba3bdf3c6%2F01330.jpg?alt=media&token=fd5bc7d3-dd5b-4839-bd5e-cd686f0c1a19,"{""Cube"":[{""geometry"":[{""x"":187,""y"":38},{""x"":187,""y"":0},{""x"":252,""y"":0},{""x"":252,""y"":38}]}]}",vatanaksoytezer@gmail.com,Explore the example project,1537435371000,3.182,01330.jpg,,Power-Cubes,[],https://image-segmentation-v4.labelbox.com?project=cjmacxybi4pxl0780cqk0o2n0&label=cjmadbo6q4ulp078000phwb8n
cjmadbs0v4uo707808cpd1r4w,https://firebasestorage.googleapis.com/v0/b/labelbox-193903.appspot.com/o/cjmacxyase88h0728ibuxr243%2Fb7914739-caff-4df5-aacf-fe4ba3bdf3c6%2F01331.jpg?alt=media&token=35358ddd-aa69-4794-873b-b023553c4669,"{""Cube"":[{""geometry"":[{""x"":222,""y"":3},{""x"":222,""y"":56},{""x"":284,""y"":56},{""x"":284,""y"":3}]}]}",vatanaksoytezer@gmail.com,Explore the example project,1537435376000,4.978,01331.jpg,,Power-Cubes,[],https://image-segmentation-v4.labelbox.com?project=cjmacxybi4pxl0780cqk0o2n0&label=cjmadbs0v4uo707808cpd1r4w
cjmadbvn54uqc0780w9q4gfl8,https://firebasestorage.googleapis.com/v0/b/labelbox-193903.appspot.com/o/cjmacxyase88h0728ibuxr243%2Fb7914739-caff-4df5-aacf-fe4ba3bdf3c6%2F01534.jpg?alt=media&token=33e27f48-8207-44e8-bcf5-227644a60c5a,"{""Cube"":[{""geometry"":[{""x"":51,""y"":91},{""x"":51,""y"":0},{""x"":219,""y"":0},{""x"":219,""y"":91}]}]}",vatanaksoytezer@gmail.com,Explore the example project,1537435380000,4.644,01534.jpg,,Power-Cubes,[],https://image-segmentation-v4.labelbox.com?project=cjmacxybi4pxl0780cqk0o2n0&label=cjmadbvn54uqc0780w9q4gfl8
cjmadbxwi4uss0780ka5sbbm5,https://firebasestorage.googleapis.com/v0/b/labelbox-193903.appspot.com/o/cjmacxyase88h0728ibuxr243%2Fb7914739-caff-4df5-aacf-fe4ba3bdf3c6%2F01333.jpg?alt=media&token=6e65f523-33ad-43b4-8910-57b2eabc516a,"{""Cube"":[{""geometry"":[{""x"":168,""y"":41},{""x"":168,""y"":0},{""x"":232,""y"":0},{""x"":232,""y"":41}]}]}",vatanaksoytezer@gmail.com,Explore the example project,1537435383000,2.894,01333.jpg,,Power-Cubes,[],https://image-segmentation-v4.labelbox.com?project=cjmacxybi4pxl0780cqk0o2n0&label=cjmadbxwi4uss0780ka5sbbm5
cjmadc7kdee000728p31rh56d,https://firebasestorage.googleapis.com/v0/b/labelbox-193903.appspot.com/o/cjmacxyase88h0728ibuxr243%2Fb7914739-caff-4df5-aacf-fe4ba3bdf3c6%2F01342.jpg?alt=media&token=fc7b7f66-dfb5-4278-91c6-e047b2f90ba3,"{""Cube"":[{""geometry"":[{""x"":55,""y"":2},{""x"":55,""y"":63},{""x"":124,""y"":63},{""x"":124,""y"":2}]},{""geometry"":[{""x"":602,""y"":141},{""x"":602,""y"":227},{""x"":640,""y"":227},{""x"":640,""y"":141}]}]}",vatanaksoytezer@gmail.com,Explore the example project,1537435396000,12.545,01342.jpg,,Power-Cubes,[],https://image-segmentation-v4.labelbox.com?project=cjmacxybi4pxl0780cqk0o2n0&label=cjmadc7kdee000728p31rh56d
cjmadcc7wee1w0728db7jn1mp,https://firebasestorage.googleapis.com/v0/b/labelbox-193903.appspot.com/o/cjmacxyase88h0728ibuxr243%2Fb7914739-caff-4df5-aacf-fe4ba3bdf3c6%2F01407.jpg?alt=media&token=c28c16d3-4d9d-4408-9800-545865196c26,"{""Cube"":[{""geometry"":[{""x"":175,""y"":106},{""x"":175,""y"":3},{""x"":319,""y"":3},{""x"":319,""y"":106}]}]}",vatanaksoytezer@gmail.com,Explore the example project,1537435402000,5.954,01407.jpg,,Power-Cubes,[],https://image-segmentation-v4.labelbox.com?project=cjmacxybi4pxl0780cqk0o2n0&label=cjmadcc7wee1w0728db7jn1mp
cjmadcepm4uyv0780bfmfgphg,https://firebasestorage.googleapis.com/v0/b/labelbox-193903.appspot.com/o/cjmacxyase88h0728ibuxr243%2Fb7914739-caff-4df5-aacf-fe4ba3bdf3c6%2F01408.jpg?alt=media&token=6d935b9a-a224-4f67-83df-fb2385bb6023,"{""Cube"":[{""geometry"":[{""x"":118,""y"":105},{""x"":118,""y"":0},{""x"":276,""y"":0},{""x"":276,""y"":105}]}]}",vatanaksoytezer@gmail.com,Explore the example project,1537435405000,3.269,01408.jpg,,Power-Cubes,[],https://image-segmentation-v4.labelbox.com?project=cjmacxybi4pxl0780cqk0o2n0&label=cjmadcepm4uyv0780bfmfgphg
cjmadcgv1ee3w0728snvw1pdn,https://firebasestorage.googleapis.com/v0/b/labelbox-193903.appspot.com/o/cjmacxyase88h0728ibuxr243%2Fb7914739-caff-4df5-aacf-fe4ba3bdf3c6%2F01409.jpg?alt=media&token=8709d66d-632c-428f-ba51-9e4b28ffa53e,"{""Cube"":[{""geometry"":[{""x"":162,""y"":117},{""x"":162,""y"":0},{""x"":319,""y"":0},{""x"":319,""y"":117}]}]}",vatanaksoytezer@gmail.com,Explore the example project,1537435408000,2.779,01409.jpg,,Power-Cubes,[],https://image-segmentation-v4.labelbox.com?project=cjmacxybi4pxl0780cqk0o2n0&label=cjmadcgv1ee3w0728snvw1pdn
cjmadck1tee56072822l9nlk3,https://firebasestorage.googleapis.com/v0/b/labelbox-193903.appspot.com/o/cjmacxyase88h0728ibuxr243%2Fb7914739-caff-4df5-aacf-fe4ba3bdf3c6%2F01410.jpg?alt=media&token=b216a538-6dd3-4d2c-927c-a28ea6ee717e,"{""Cube"":[{""geometry"":[{""x"":152,""y"":107},{""x"":152,""y"":0},{""x"":300,""y"":0},{""x"":300,""y"":107}]}]}",vatanaksoytezer@gmail.com,Explore the example project,1537435412000,4.073,01410.jpg,,Power-Cubes,[],https://image-segmentation-v4.labelbox.com?project=cjmacxybi4pxl0780cqk0o2n0&label=cjmadck1tee56072822l9nlk3
cjmadcmyx4v2007800xqmxaro,https://firebasestorage.googleapis.com/v0/b/labelbox-193903.appspot.com/o/cjmacxyase88h0728ibuxr243%2Fb7914739-caff-4df5-aacf-fe4ba3bdf3c6%2F01411.jpg?alt=media&token=e8056be2-1967-4a30-aaf4-43fe5c9d0e5e,"{""Cube"":[{""geometry"":[{""x"":173,""y"":122},{""x"":173,""y"":3},{""x"":313,""y"":3},{""x"":313,""y"":122}]}]}",vatanaksoytezer@gmail.com,Explore the example project,1537435416000,3.793,01411.jpg,,Power-Cubes,[],https://image-segmentation-v4.labelbox.com?project=cjmacxybi4pxl0780cqk0o2n0&label=cjmadcmyx4v2007800xqmxaro
cjmadcpj64v3d0780wjn8y8as,https://firebasestorage.googleapis.com/v0/b/labelbox-193903.appspot.com/o/cjmacxyase88h0728ibuxr243%2Fb7914739-caff-4df5-aacf-fe4ba3bdf3c6%2F01412.jpg?alt=media&token=d712edba-ec2f-4865-bb38-229c1a1618ff,"{""Cube"":[{""geometry"":[{""x"":141,""y"":95},{""x"":141,""y"":1},{""x"":267,""y"":1},{""x"":267,""y"":95}]}]}",vatanaksoytezer@gmail.com,Explore the example project,1537435419000,3.28,01412.jpg,,Power-Cubes,[],https://image-segmentation-v4.labelbox.com?project=cjmacxybi4pxl0780cqk0o2n0&label=cjmadcpj64v3d0780wjn8y8as
cjmadcsgaee800728fw56c5d7,https://firebasestorage.googleapis.com/v0/b/labelbox-193903.appspot.com/o/cjmacxyase88h0728ibuxr243%2Fb7914739-caff-4df5-aacf-fe4ba3bdf3c6%2F01413.jpg?alt=media&token=5debe6ab-b887-4c7f-befd-d594b6cb1d49,"{""Cube"":[{""geometry"":[{""x"":175,""y"":90},{""x"":175,""y"":0},{""x"":293,""y"":0},{""x"":293,""y"":90}]}]}",vatanaksoytezer@gmail.com,Explore the example project,1537435423000,3.607,01413.jpg,,Power-Cubes,[],https://image-segmentation-v4.labelbox.com?project=cjmacxybi4pxl0780cqk0o2n0&label=cjmadcsgaee800728fw56c5d7
cjmadcv9cee9l072853ydlkur,https://firebasestorage.googleapis.com/v0/b/labelbox-193903.appspot.com/o/cjmacxyase88h0728ibuxr243%2Fb7914739-caff-4df5-aacf-fe4ba3bdf3c6%2F01414.jpg?alt=media&token=8d5e1bb5-7f57-4ae0-9870-599bcdbfa7cf,"{""Cube"":[{""geometry"":[{""x"":144,""y"":85},{""x"":144,""y"":2},{""x"":254,""y"":2},{""x"":254,""y"":85}]}]}",vatanaksoytezer@gmail.com,Explore the example project,1537435426000,3.712,01414.jpg,,Power-Cubes,[],https://image-segmentation-v4.labelbox.com?project=cjmacxybi4pxl0780cqk0o2n0&label=cjmadcv9cee9l072853ydlkur
cjmadd7f54vch0780g7u1wmmc,https://firebasestorage.googleapis.com/v0/b/labelbox-193903.appspot.com/o/cjmacxyase88h0728ibuxr243%2Fb7914739-caff-4df5-aacf-fe4ba3bdf3c6%2F01454.jpg?alt=media&token=73f997d5-52a3-42b0-9925-8dfb164b6598,"{""Cube"":[{""geometry"":[{""x"":51,""y"":0},{""x"":51,""y"":120},{""x"":223,""y"":120},{""x"":223,""y"":0}]}]}",vatanaksoytezer@gmail.com,Explore the example project,1537435442000,15.582,01454.jpg,,Power-Cubes,[],https://image-segmentation-v4.labelbox.com?project=cjmacxybi4pxl0780cqk0o2n0&label=cjmadd7f54vch0780g7u1wmmc
cjmaddamu4vfe0780sjm28sl9,https://firebasestorage.googleapis.com/v0/b/labelbox-193903.appspot.com/o/cjmacxyase88h0728ibuxr243%2Fb7914739-caff-4df5-aacf-fe4ba3bdf3c6%2F01475.jpg?alt=media&token=c4709875-76e4-4446-b54b-b41a88e571bd,"{""Cube"":[{""geometry"":[{""x"":67,""y"":114},{""x"":67,""y"":0},{""x"":252,""y"":0},{""x"":252,""y"":114}]}]}",vatanaksoytezer@gmail.com,Explore the example project,1537435446000,4.111,01475.jpg,,Power-Cubes,[],https://image-segmentation-v4.labelbox.com?project=cjmacxybi4pxl0780cqk0o2n0&label=cjmaddamu4vfe0780sjm28sl9
cjmaddde4eej00728m8ilw7ct,https://firebasestorage.googleapis.com/v0/b/labelbox-193903.appspot.com/o/cjmacxyase88h0728ibuxr243%2Fb7914739-caff-4df5-aacf-fe4ba3bdf3c6%2F01476.jpg?alt=media&token=57a70bf5-f530-4ead-81c2-7fb148cf7707,"{""Cube"":[{""geometry"":[{""x"":91,""y"":96},{""x"":91,""y"":1},{""x"":245,""y"":1},{""x"":245,""y"":96}]}]}",vatanaksoytezer@gmail.com,Explore the example project,1537435450000,3.844,01476.jpg,,Power-Cubes,[],https://image-segmentation-v4.labelbox.com?project=cjmacxybi4pxl0780cqk0o2n0&label=cjmaddde4eej00728m8ilw7ct
cjmaddgr64vjx0780wnb7i5od,https://firebasestorage.googleapis.com/v0/b/labelbox-193903.appspot.com/o/cjmacxyase88h0728ibuxr243%2Fb7914739-caff-4df5-aacf-fe4ba3bdf3c6%2F01477.jpg?alt=media&token=6242f10c-44a5-45b0-ae90-25f64005cb69,"{""Cube"":[{""geometry"":[{""x"":101,""y"":91},{""x"":101,""y"":0},{""x"":240,""y"":0},{""x"":240,""y"":91}]}]}",vatanaksoytezer@gmail.com,Explore the example project,1537435454000,4.316,01477.jpg,,Power-Cubes,[],https://image-segmentation-v4.labelbox.com?project=cjmacxybi4pxl0780cqk0o2n0&label=cjmaddgr64vjx0780wnb7i5od
cjmaddqxfeer407286kx6gcq2,https://firebasestorage.googleapis.com/v0/b/labelbox-193903.appspot.com/o/cjmacxyase88h0728ibuxr243%2Fb7914739-caff-4df5-aacf-fe4ba3bdf3c6%2F01478.jpg?alt=media&token=5f6ea440-e2f6-48ff-ba62-0ae26c96e449,"{""Cube"":[{""geometry"":[{""x"":147,""y"":69},{""x"":147,""y"":1},{""x"":281,""y"":1},{""x"":281,""y"":69}]}]}",vatanaksoytezer@gmail.com,Explore the example project,1537435467000,13.149,01478.jpg,,Power-Cubes,[],https://image-segmentation-v4.labelbox.com?project=cjmacxybi4pxl0780cqk0o2n0&label=cjmaddqxfeer407286kx6gcq2
cjmaddt5veesn0728iso6rgvr,https://firebasestorage.googleapis.com/v0/b/labelbox-193903.appspot.com/o/cjmacxyase88h0728ibuxr243%2Fb7914739-caff-4df5-aacf-fe4ba3bdf3c6%2F01479.jpg?alt=media&token=f06172cb-fa63-43d4-8b88-660b4f382629,"{""Cube"":[{""geometry"":[{""x"":110,""y"":74},{""x"":110,""y"":0},{""x"":237,""y"":0},{""x"":237,""y"":74}]}]}",vatanaksoytezer@gmail.com,Explore the example project,1537435470000,2.89,01479.jpg,,Power-Cubes,[],https://image-segmentation-v4.labelbox.com?project=cjmacxybi4pxl0780cqk0o2n0&label=cjmaddt5veesn0728iso6rgvr
cjmaddvpeeett0728o5ayxtdo,https://firebasestorage.googleapis.com/v0/b/labelbox-193903.appspot.com/o/cjmacxyase88h0728ibuxr243%2Fb7914739-caff-4df5-aacf-fe4ba3bdf3c6%2F01480.jpg?alt=media&token=911b3965-7e97-47d0-b9cf-e7b434cf01c2,"{""Cube"":[{""geometry"":[{""x"":142,""y"":84},{""x"":142,""y"":0},{""x"":277,""y"":0},{""x"":277,""y"":84}]}]}",vatanaksoytezer@gmail.com,Explore the example project,1537435474000,3.298,01480.jpg,,Power-Cubes,[],https://image-segmentation-v4.labelbox.com?project=cjmacxybi4pxl0780cqk0o2n0&label=cjmaddvpeeett0728o5ayxtdo
cjmaddyt4eew10728ct97vkyk,https://firebasestorage.googleapis.com/v0/b/labelbox-193903.appspot.com/o/cjmacxyase88h0728ibuxr243%2Fb7914739-caff-4df5-aacf-fe4ba3bdf3c6%2F01481.jpg?alt=media&token=881ed7f0-3012-4f5a-bcd9-256293a2d53b,"{""Cube"":[{""geometry"":[{""x"":128,""y"":100},{""x"":128,""y"":0},{""x"":265,""y"":0},{""x"":265,""y"":100}]}]}",vatanaksoytezer@gmail.com,Explore the example project,1537435478000,3.987,01481.jpg,,Power-Cubes,[],https://image-segmentation-v4.labelbox.com?project=cjmacxybi4pxl0780cqk0o2n0&label=cjmaddyt4eew10728ct97vkyk
cjmade2b84vv70780dusqnzms,https://firebasestorage.googleapis.com/v0/b/labelbox-193903.appspot.com/o/cjmacxyase88h0728ibuxr243%2Fb7914739-caff-4df5-aacf-fe4ba3bdf3c6%2F01482.jpg?alt=media&token=df860ff7-0b59-474f-8a19-0c31c5b88875,"{""Cube"":[{""geometry"":[{""x"":56,""y"":108},{""x"":56,""y"":0},{""x"":201,""y"":0},{""x"":201,""y"":108}]}]}",vatanaksoytezer@gmail.com,Explore the example project,1537435482000,4.5,01482.jpg,,Power-Cubes,[],https://image-segmentation-v4.labelbox.com?project=cjmacxybi4pxl0780cqk0o2n0&label=cjmade2b84vv70780dusqnzms
cjmade5lgeez007285q5165va,https://firebasestorage.googleapis.com/v0/b/labelbox-193903.appspot.com/o/cjmacxyase88h0728ibuxr243%2Fb7914739-caff-4df5-aacf-fe4ba3bdf3c6%2F01483.jpg?alt=media&token=730d3664-8e60-4c19-83a1-6945a0de3187,"{""Cube"":[{""geometry"":[{""x"":71,""y"":86},{""x"":71,""y"":0},{""x"":213,""y"":0},{""x"":213,""y"":86}]}]}",vatanaksoytezer@gmail.com,Explore the example project,1537435486000,4.282,01483.jpg,,Power-Cubes,[],https://image-segmentation-v4.labelbox.com?project=cjmacxybi4pxl0780cqk0o2n0&label=cjmade5lgeez007285q5165va
cjmade870ef0807280si9v58j,https://firebasestorage.googleapis.com/v0/b/labelbox-193903.appspot.com/o/cjmacxyase88h0728ibuxr243%2Fb7914739-caff-4df5-aacf-fe4ba3bdf3c6%2F01484.jpg?alt=media&token=0e94813b-0aa0-44d0-926a-58d890ec4f83,"{""Cube"":[{""geometry"":[{""x"":138,""y"":68},{""x"":138,""y"":1},{""x"":267,""y"":1},{""x"":267,""y"":68}]}]}",vatanaksoytezer@gmail.com,Explore the example project,1537435490000,3.34,01484.jpg,,Power-Cubes,[],https://image-segmentation-v4.labelbox.com?project=cjmacxybi4pxl0780cqk0o2n0&label=cjmade870ef0807280si9v58j
cjmadebuj4vyw0780idaw0ps6,https://firebasestorage.googleapis.com/v0/b/labelbox-193903.appspot.com/o/cjmacxyase88h0728ibuxr243%2Fb7914739-caff-4df5-aacf-fe4ba3bdf3c6%2F01485.jpg?alt=media&token=49c2d9bc-6c81-4c21-acc9-9f144941ab0b,"{""Cube"":[{""geometry"":[{""x"":125,""y"":60},{""x"":125,""y"":0},{""x"":247,""y"":0},{""x"":247,""y"":60}]}]}",vatanaksoytezer@gmail.com,Explore the example project,1537435495000,4.37,01485.jpg,,Power-Cubes,[],https://image-segmentation-v4.labelbox.com?project=cjmacxybi4pxl0780cqk0o2n0&label=cjmadebuj4vyw0780idaw0ps6
cjmadegqqef5q07288vk62tfr,https://firebasestorage.googleapis.com/v0/b/labelbox-193903.appspot.com/o/cjmacxyase88h0728ibuxr243%2Fb7914739-caff-4df5-aacf-fe4ba3bdf3c6%2F01489.jpg?alt=media&token=f320b3a4-4e5a-4deb-8524-a09e35029166,"{""Cube"":[{""geometry"":[{""x"":14,""y"":0},{""x"":14,""y"":136},{""x"":175,""y"":136},{""x"":175,""y"":0}]}]}",vatanaksoytezer@gmail.com,Explore the example project,1537435501000,6.68,01489.jpg,,Power-Cubes,[],https://image-segmentation-v4.labelbox.com?project=cjmacxybi4pxl0780cqk0o2n0&label=cjmadegqqef5q07288vk62tfr
cjmadej79ef780728x31euzxm,https://firebasestorage.googleapis.com/v0/b/labelbox-193903.appspot.com/o/cjmacxyase88h0728ibuxr243%2Fb7914739-caff-4df5-aacf-fe4ba3bdf3c6%2F01490.jpg?alt=media&token=dd7f1374-ed48-40e0-9f0c-b9d5d62a5092,"{""Cube"":[{""geometry"":[{""x"":34,""y"":32},{""x"":34,""y"":190},{""x"":174,""y"":190},{""x"":174,""y"":32}]}]}",vatanaksoytezer@gmail.com,Explore the example project,1537435504000,3.114,01490.jpg,,Power-Cubes,[],https://image-segmentation-v4.labelbox.com?project=cjmacxybi4pxl0780cqk0o2n0&label=cjmadej79ef780728x31euzxm
cjmademesef9g0728aco4m9vu,https://firebasestorage.googleapis.com/v0/b/labelbox-193903.appspot.com/o/cjmacxyase88h0728ibuxr243%2Fb7914739-caff-4df5-aacf-fe4ba3bdf3c6%2F01491.jpg?alt=media&token=c6ee164f-9033-46b9-9bd5-3f267c6a9eae,"{""Cube"":[{""geometry"":[{""x"":107,""y"":8},{""x"":107,""y"":145},{""x"":223,""y"":145},{""x"":223,""y"":8}]}]}",vatanaksoytezer@gmail.com,Explore the example project,1537435508000,4.181,01491.jpg,,Power-Cubes,[],https://image-segmentation-v4.labelbox.com?project=cjmacxybi4pxl0780cqk0o2n0&label=cjmademesef9g0728aco4m9vu
cjmadephfefb80728usf6472l,https://firebasestorage.googleapis.com/v0/b/labelbox-193903.appspot.com/o/cjmacxyase88h0728ibuxr243%2Fb7914739-caff-4df5-aacf-fe4ba3bdf3c6%2F01492.jpg?alt=media&token=43363598-2c2f-4653-9d0d-961c5b344811,"{""Cube"":[{""geometry"":[{""x"":99,""y"":93},{""x"":99,""y"":0},{""x"":202,""y"":0},{""x"":202,""y"":93}]}]}",vatanaksoytezer@gmail.com,Explore the example project,1537435512000,3.962,01492.jpg,,Power-Cubes,[],https://image-segmentation-v4.labelbox.com?project=cjmacxybi4pxl0780cqk0o2n0&label=cjmadephfefb80728usf6472l
cjmades504w5n07805s6ncmk1,https://firebasestorage.googleapis.com/v0/b/labelbox-193903.appspot.com/o/cjmacxyase88h0728ibuxr243%2Fb7914739-caff-4df5-aacf-fe4ba3bdf3c6%2F01493.jpg?alt=media&token=02f9283c-f358-42be-be55-bc8a3fd86c17,"{""Cube"":[{""geometry"":[{""x"":87,""y"":88},{""x"":87,""y"":0},{""x"":195,""y"":0},{""x"":195,""y"":88}]}]}",vatanaksoytezer@gmail.com,Explore the example project,1537435516000,3.402,01493.jpg,,Power-Cubes,[],https://image-segmentation-v4.labelbox.com?project=cjmacxybi4pxl0780cqk0o2n0&label=cjmades504w5n07805s6ncmk1
cjmadev9qefdo0728sw2krlbk,https://firebasestorage.googleapis.com/v0/b/labelbox-193903.appspot.com/o/cjmacxyase88h0728ibuxr243%2Fb7914739-caff-4df5-aacf-fe4ba3bdf3c6%2F01494.jpg?alt=media&token=d4e59405-0181-49cb-8137-12f44e5e18db,"{""Cube"":[{""geometry"":[{""x"":119,""y"":77},{""x"":119,""y"":0},{""x"":226,""y"":0},{""x"":226,""y"":77}]}]}",vatanaksoytezer@gmail.com,Explore the example project,1537435520000,4.037,01494.jpg,,Power-Cubes,[],https://image-segmentation-v4.labelbox.com?project=cjmacxybi4pxl0780cqk0o2n0&label=cjmadev9qefdo0728sw2krlbk
cjmadexw4effa072881kg5f69,https://firebasestorage.googleapis.com/v0/b/labelbox-193903.appspot.com/o/cjmacxyase88h0728ibuxr243%2Fb7914739-caff-4df5-aacf-fe4ba3bdf3c6%2F01523.jpg?alt=media&token=5d6f764e-69c0-4c9c-9e98-3929fdf8e55c,"{""Cube"":[{""geometry"":[{""x"":74,""y"":84},{""x"":74,""y"":0},{""x"":185,""y"":0},{""x"":185,""y"":84}]}]}",vatanaksoytezer@gmail.com,Explore the example project,1537435523000,3.369,01523.jpg,,Power-Cubes,[],https://image-segmentation-v4.labelbox.com?project=cjmacxybi4pxl0780cqk0o2n0&label=cjmadexw4effa072881kg5f69
cjmadf05xefgv07288as99s11,https://firebasestorage.googleapis.com/v0/b/labelbox-193903.appspot.com/o/cjmacxyase88h0728ibuxr243%2Fb7914739-caff-4df5-aacf-fe4ba3bdf3c6%2F01524.jpg?alt=media&token=06fc998c-6d62-4d04-a19d-67c0d645374c,"{""Cube"":[{""geometry"":[{""x"":106,""y"":83},{""x"":106,""y"":0},{""x"":222,""y"":0},{""x"":222,""y"":83}]}]}",vatanaksoytezer@gmail.com,Explore the example project,1537435526000,2.936,01524.jpg,,Power-Cubes,[],https://image-segmentation-v4.labelbox.com?project=cjmacxybi4pxl0780cqk0o2n0&label=cjmadf05xefgv07288as99s11
cjmadf3s1efix0728c1qbxcmv,https://firebasestorage.googleapis.com/v0/b/labelbox-193903.appspot.com/o/cjmacxyase88h0728ibuxr243%2Fb7914739-caff-4df5-aacf-fe4ba3bdf3c6%2F01525.jpg?alt=media&token=f4b916dd-5f8b-435d-9b1b-138a5e211a67,"{""Cube"":[{""geometry"":[{""x"":71,""y"":120},{""x"":71,""y"":6},{""x"":180,""y"":6},{""x"":180,""y"":120}]}]}",vatanaksoytezer@gmail.com,Explore the example project,1537435531000,4.606,01525.jpg,,Power-Cubes,[],https://image-segmentation-v4.labelbox.com?project=cjmacxybi4pxl0780cqk0o2n0&label=cjmadf3s1efix0728c1qbxcmv
cjmadf6bf4way07803o6sfg82,https://firebasestorage.googleapis.com/v0/b/labelbox-193903.appspot.com/o/cjmacxyase88h0728ibuxr243%2Fb7914739-caff-4df5-aacf-fe4ba3bdf3c6%2F01526.jpg?alt=media&token=bf21c4ad-a748-464c-8383-3124b3bc8792,"{""Cube"":[{""geometry"":[{""x"":90,""y"":93},{""x"":90,""y"":0},{""x"":189,""y"":0},{""x"":189,""y"":93}]}]}",vatanaksoytezer@gmail.com,Explore the example project,1537435534000,3.339,01526.jpg,,Power-Cubes,[],https://image-segmentation-v4.labelbox.com?project=cjmacxybi4pxl0780cqk0o2n0&label=cjmadf6bf4way07803o6sfg82
cjmadf8nrefln0728y8jgb2j8,https://firebasestorage.googleapis.com/v0/b/labelbox-193903.appspot.com/o/cjmacxyase88h0728ibuxr243%2Fb7914739-caff-4df5-aacf-fe4ba3bdf3c6%2F01527.jpg?alt=media&token=ca99cf26-47f8-4a30-9752-b79c8d62bb30,"{""Cube"":[{""geometry"":[{""x"":41,""y"":88},{""x"":41,""y"":0},{""x"":159,""y"":0},{""x"":159,""y"":88}]}]}",vatanaksoytezer@gmail.com,Explore the example project,1537435537000,3.006,01527.jpg,,Power-Cubes,[],https://image-segmentation-v4.labelbox.com?project=cjmacxybi4pxl0780cqk0o2n0&label=cjmadf8nrefln0728y8jgb2j8
cjmadfbcjefni0728sodqbbyo,https://firebasestorage.googleapis.com/v0/b/labelbox-193903.appspot.com/o/cjmacxyase88h0728ibuxr243%2Fb7914739-caff-4df5-aacf-fe4ba3bdf3c6%2F01528.jpg?alt=media&token=f56c3370-075c-4ad1-99de-f413660150b8,"{""Cube"":[{""geometry"":[{""x"":80,""y"":120},{""x"":80,""y"":0},{""x"":194,""y"":0},{""x"":194,""y"":120}]}]}",vatanaksoytezer@gmail.com,Explore the example project,1537435541000,3.461,01528.jpg,,Power-Cubes,[],https://image-segmentation-v4.labelbox.com?project=cjmacxybi4pxl0780cqk0o2n0&label=cjmadfbcjefni0728sodqbbyo
cjmadfewaefre0728wz07mzs3,https://firebasestorage.googleapis.com/v0/b/labelbox-193903.appspot.com/o/cjmacxyase88h0728ibuxr243%2Fb7914739-caff-4df5-aacf-fe4ba3bdf3c6%2F01529.jpg?alt=media&token=0950e777-5fed-405b-8f88-eaac51537cda,"{""Cube"":[{""geometry"":[{""x"":124,""y"":49},{""x"":124,""y"":0},{""x"":242,""y"":0},{""x"":242,""y"":49}]}]}",vatanaksoytezer@gmail.com,Explore the example project,1537435545000,4.577,01529.jpg,,Power-Cubes,[],https://image-segmentation-v4.labelbox.com?project=cjmacxybi4pxl0780cqk0o2n0&label=cjmadfewaefre0728wz07mzs3
cjmadfhv3efuf0728i1p35ed1,https://firebasestorage.googleapis.com/v0/b/labelbox-193903.appspot.com/o/cjmacxyase88h0728ibuxr243%2Fb7914739-caff-4df5-aacf-fe4ba3bdf3c6%2F01531.jpg?alt=media&token=d67d8586-fcc4-47f3-ab54-a8685158519c,"{""Cube"":[{""geometry"":[{""x"":108,""y"":42},{""x"":108,""y"":0},{""x"":239,""y"":0},{""x"":239,""y"":42}]}]}",vatanaksoytezer@gmail.com,Explore the example project,1537435549000,3.485,01531.jpg,,Power-Cubes,[],https://image-segmentation-v4.labelbox.com?project=cjmacxybi4pxl0780cqk0o2n0&label=cjmadfhv3efuf0728i1p35ed1
cjmadfl2jefx90728reb1mm66,https://firebasestorage.googleapis.com/v0/b/labelbox-193903.appspot.com/o/cjmacxyase88h0728ibuxr243%2Fb7914739-caff-4df5-aacf-fe4ba3bdf3c6%2F01535.jpg?alt=media&token=a94ee625-97aa-49d3-9522-f539c09cdb36,"{""Cube"":[{""geometry"":[{""x"":24,""y"":118},{""x"":24,""y"":0},{""x"":227,""y"":0},{""x"":227,""y"":118}]}]}",vatanaksoytezer@gmail.com,Explore the example project,1537435553000,4.489,01535.jpg,,Power-Cubes,[],https://image-segmentation-v4.labelbox.com?project=cjmacxybi4pxl0780cqk0o2n0&label=cjmadfl2jefx90728reb1mm66
cjmadfni74wlo078012tw4hhw,https://firebasestorage.googleapis.com/v0/b/labelbox-193903.appspot.com/o/cjmacxyase88h0728ibuxr243%2Fb7914739-caff-4df5-aacf-fe4ba3bdf3c6%2F01332.jpg?alt=media&token=6435da85-b865-4b71-87c7-9d9fea07919b,"{""Cube"":[{""geometry"":[{""x"":209,""y"":28},{""x"":209,""y"":0},{""x"":277,""y"":0},{""x"":277,""y"":28}]}]}",vatanaksoytezer@gmail.com,Explore the example project,1537435556000,3.044,01332.jpg,,Power-Cubes,[],https://image-segmentation-v4.labelbox.com?project=cjmacxybi4pxl0780cqk0o2n0&label=cjmadfni74wlo078012tw4hhw
cjmadq8e1emr807282d5pmeiq,https://firebasestorage.googleapis.com/v0/b/labelbox-193903.appspot.com/o/cjmacxyase88h0728ibuxr243%2Ff4118b52-b3d6-4fd7-90ae-22a8378c7fe9%2F01244.jpg?alt=media&token=e949823b-ffd2-4801-a4ef-38e157a2d7c2,"{""Cube"":[{""geometry"":[{""x"":94,""y"":47},{""x"":94,""y"":1},{""x"":176,""y"":1},{""x"":176,""y"":47}]}]}",vatanaksoytezer@gmail.com,Explore the example project,1537436050000,8.183,01244.jpg,,Power Cubes-2,[],https://image-segmentation-v4.labelbox.com?project=cjmacxybi4pxl0780cqk0o2n0&label=cjmadq8e1emr807282d5pmeiq
cjmadqa9952se0780asp5cmk9,https://firebasestorage.googleapis.com/v0/b/labelbox-193903.appspot.com/o/cjmacxyase88h0728ibuxr243%2Ff4118b52-b3d6-4fd7-90ae-22a8378c7fe9%2F01152.jpg?alt=media&token=ea1e7be8-65b7-4f59-a8dd-86d7de6719ce,"{""Cube"":[{""geometry"":[{""x"":228,""y"":64},{""x"":228,""y"":0},{""x"":352,""y"":0},{""x"":352,""y"":64}]}]}",vatanaksoytezer@gmail.com,Explore the example project,1537436052000,2.404,01152.jpg,,Power Cubes-2,[],https://image-segmentation-v4.labelbox.com?project=cjmacxybi4pxl0780cqk0o2n0&label=cjmadqa9952se0780asp5cmk9
cjmadqcjb52u90780ha78d13i,https://firebasestorage.googleapis.com/v0/b/labelbox-193903.appspot.com/o/cjmacxyase88h0728ibuxr243%2Ff4118b52-b3d6-4fd7-90ae-22a8378c7fe9%2F01153.jpg?alt=media&token=7f4563c4-c1ee-40e5-a29d-f61d67a193ba,"{""Cube"":[{""geometry"":[{""x"":225,""y"":74},{""x"":225,""y"":0},{""x"":363,""y"":0},{""x"":363,""y"":74}]}]}",vatanaksoytezer@gmail.com,Explore the example project,1537436055000,2.835,01153.jpg,,Power Cubes-2,[],https://image-segmentation-v4.labelbox.com?project=cjmacxybi4pxl0780cqk0o2n0&label=cjmadqcjb52u90780ha78d13i
cjmadqerw52vl0780b4xr5cnk,https://firebasestorage.googleapis.com/v0/b/labelbox-193903.appspot.com/o/cjmacxyase88h0728ibuxr243%2Ff4118b52-b3d6-4fd7-90ae-22a8378c7fe9%2F01154.jpg?alt=media&token=e5377513-90d1-4d3e-9c9a-3db32e620e7d,"{""Cube"":[{""geometry"":[{""x"":68,""y"":136},{""x"":68,""y"":2},{""x"":175,""y"":2},{""x"":175,""y"":136}]}]}",vatanaksoytezer@gmail.com,Explore the example project,1537436058000,2.958,01154.jpg,,Power Cubes-2,[],https://image-segmentation-v4.labelbox.com?project=cjmacxybi4pxl0780cqk0o2n0&label=cjmadqerw52vl0780b4xr5cnk
cjmadqh2o52xv0780sch37isr,https://firebasestorage.googleapis.com/v0/b/labelbox-193903.appspot.com/o/cjmacxyase88h0728ibuxr243%2Ff4118b52-b3d6-4fd7-90ae-22a8378c7fe9%2F01155.jpg?alt=media&token=514673c0-a3e8-4dd6-8a62-705afe2d649d,"{""Cube"":[{""geometry"":[{""x"":113,""y"":86},{""x"":113,""y"":0},{""x"":215,""y"":0},{""x"":215,""y"":86}]}]}",vatanaksoytezer@gmail.com,Explore the example project,1537436061000,2.897,01155.jpg,,Power Cubes-2,[],https://image-segmentation-v4.labelbox.com?project=cjmacxybi4pxl0780cqk0o2n0&label=cjmadqh2o52xv0780sch37isr
cjmadqisl52zi0780wgfsk5b0,https://firebasestorage.googleapis.com/v0/b/labelbox-193903.appspot.com/o/cjmacxyase88h0728ibuxr243%2Ff4118b52-b3d6-4fd7-90ae-22a8378c7fe9%2F01156.jpg?alt=media&token=246b900d-20a0-4582-9e1c-c12d9a979def,"{""Cube"":[{""geometry"":[{""x"":131,""y"":55},{""x"":131,""y"":0},{""x"":218,""y"":0},{""x"":218,""y"":55}]}]}",vatanaksoytezer@gmail.com,Explore the example project,1537436063000,2.279,01156.jpg,,Power Cubes-2,[],https://image-segmentation-v4.labelbox.com?project=cjmacxybi4pxl0780cqk0o2n0&label=cjmadqisl52zi0780wgfsk5b0
cjmadqkk8en330728mf5tji4z,https://firebasestorage.googleapis.com/v0/b/labelbox-193903.appspot.com/o/cjmacxyase88h0728ibuxr243%2Ff4118b52-b3d6-4fd7-90ae-22a8378c7fe9%2F01157.jpg?alt=media&token=a2ac934e-653c-465a-abc2-edef1ba35c9d,"{""Cube"":[{""geometry"":[{""x"":116,""y"":55},{""x"":116,""y"":0},{""x"":208,""y"":0},{""x"":208,""y"":55}]}]}",vatanaksoytezer@gmail.com,Explore the example project,1537436066000,2.258,01157.jpg,,Power Cubes-2,[],https://image-segmentation-v4.labelbox.com?project=cjmacxybi4pxl0780cqk0o2n0&label=cjmadqkk8en330728mf5tji4z
cjmadqmg4en4307288r861kmr,https://firebasestorage.googleapis.com/v0/b/labelbox-193903.appspot.com/o/cjmacxyase88h0728ibuxr243%2Ff4118b52-b3d6-4fd7-90ae-22a8378c7fe9%2F01158.jpg?alt=media&token=a6723a8c-9b3c-401f-bcbc-87adc4ac7865,"{""Cube"":[{""geometry"":[{""x"":144,""y"":51},{""x"":144,""y"":0},{""x"":237,""y"":0},{""x"":237,""y"":51}]}]}",vatanaksoytezer@gmail.com,Explore the example project,1537436068000,2.459,01158.jpg,,Power Cubes-2,[],https://image-segmentation-v4.labelbox.com?project=cjmacxybi4pxl0780cqk0o2n0&label=cjmadqmg4en4307288r861kmr
cjmadqohren6f0728cx98wb0s,https://firebasestorage.googleapis.com/v0/b/labelbox-193903.appspot.com/o/cjmacxyase88h0728ibuxr243%2Ff4118b52-b3d6-4fd7-90ae-22a8378c7fe9%2F01159.jpg?alt=media&token=7cfa0396-43b2-48cf-831d-dead1f172a3f,"{""Cube"":[{""geometry"":[{""x"":153,""y"":61},{""x"":153,""y"":0},{""x"":249,""y"":0},{""x"":249,""y"":61}]}]}",vatanaksoytezer@gmail.com,Explore the example project,1537436071000,2.646,01159.jpg,,Power Cubes-2,[],https://image-segmentation-v4.labelbox.com?project=cjmacxybi4pxl0780cqk0o2n0&label=cjmadqohren6f0728cx98wb0s
cjmadqq93en8907287qxfe9d5,https://firebasestorage.googleapis.com/v0/b/labelbox-193903.appspot.com/o/cjmacxyase88h0728ibuxr243%2Ff4118b52-b3d6-4fd7-90ae-22a8378c7fe9%2F01160.jpg?alt=media&token=6252e19e-a9c8-448e-a42d-0fc72a12beb5,"{""Cube"":[{""geometry"":[{""x"":113,""y"":64},{""x"":113,""y"":0},{""x"":215,""y"":0},{""x"":215,""y"":64}]}]}",vatanaksoytezer@gmail.com,Explore the example project,1537436073000,2.211,01160.jpg,,Power Cubes-2,[],https://image-segmentation-v4.labelbox.com?project=cjmacxybi4pxl0780cqk0o2n0&label=cjmadqq93en8907287qxfe9d5
cjmadqsq0538i07808uuaqcog,https://firebasestorage.googleapis.com/v0/b/labelbox-193903.appspot.com/o/cjmacxyase88h0728ibuxr243%2Ff4118b52-b3d6-4fd7-90ae-22a8378c7fe9%2F01161.jpg?alt=media&token=9757d9d4-2ee3-4b75-b331-50451c820c71,"{""Cube"":[{""geometry"":[{""x"":148,""y"":30},{""x"":148,""y"":0},{""x"":230,""y"":0},{""x"":230,""y"":30}]}]}",vatanaksoytezer@gmail.com,Explore the example project,1537436076000,3.205,01161.jpg,,Power Cubes-2,[],https://image-segmentation-v4.labelbox.com?project=cjmacxybi4pxl0780cqk0o2n0&label=cjmadqsq0538i07808uuaqcog
cjmadqujh53av0780b975c5b6,https://firebasestorage.googleapis.com/v0/b/labelbox-193903.appspot.com/o/cjmacxyase88h0728ibuxr243%2Ff4118b52-b3d6-4fd7-90ae-22a8378c7fe9%2F01162.jpg?alt=media&token=949a1929-4378-4523-84ee-f44206e7a909,"{""Cube"":[{""geometry"":[{""x"":113,""y"":37},{""x"":113,""y"":0},{""x"":201,""y"":0},{""x"":201,""y"":37}]}]}",vatanaksoytezer@gmail.com,Explore the example project,1537436079000,2.323,01162.jpg,,Power Cubes-2,[],https://image-segmentation-v4.labelbox.com?project=cjmacxybi4pxl0780cqk0o2n0&label=cjmadqujh53av0780b975c5b6
cjmadqwdpenee072892ael7am,https://firebasestorage.googleapis.com/v0/b/labelbox-193903.appspot.com/o/cjmacxyase88h0728ibuxr243%2Ff4118b52-b3d6-4fd7-90ae-22a8378c7fe9%2F01166.jpg?alt=media&token=202bdaa5-c933-4230-a853-c26117ce6d73,"{""Cube"":[{""geometry"":[{""x"":96,""y"":44},{""x"":96,""y"":0},{""x"":175,""y"":0},{""x"":175,""y"":44}]}]}",vatanaksoytezer@gmail.com,Explore the example project,1537436081000,2.382,01166.jpg,,Power Cubes-2,[],https://image-segmentation-v4.labelbox.com?project=cjmacxybi4pxl0780cqk0o2n0&label=cjmadqwdpenee072892ael7am
cjmadqy7fengs0728fa6kdps0,https://firebasestorage.googleapis.com/v0/b/labelbox-193903.appspot.com/o/cjmacxyase88h0728ibuxr243%2Ff4118b52-b3d6-4fd7-90ae-22a8378c7fe9%2F01167.jpg?alt=media&token=f22df26d-3da3-4750-bcba-05978c5fd432,"{""Cube"":[{""geometry"":[{""x"":159,""y"":41},{""x"":159,""y"":0},{""x"":235,""y"":0},{""x"":235,""y"":41}]}]}",vatanaksoytezer@gmail.com,Explore the example project,1537436083000,2.305,01167.jpg,,Power Cubes-2,[],https://image-segmentation-v4.labelbox.com?project=cjmacxybi4pxl0780cqk0o2n0&label=cjmadqy7fengs0728fa6kdps0
cjmadr0i653ha0780k35it5ea,https://firebasestorage.googleapis.com/v0/b/labelbox-193903.appspot.com/o/cjmacxyase88h0728ibuxr243%2Ff4118b52-b3d6-4fd7-90ae-22a8378c7fe9%2F01168.jpg?alt=media&token=5cd53376-ac3c-4b81-bd4c-0440fa15244f,"{""Cube"":[{""geometry"":[{""x"":84,""y"":87},{""x"":84,""y"":2},{""x"":176,""y"":2},{""x"":176,""y"":87}]}]}",vatanaksoytezer@gmail.com,Explore the example project,1537436086000,2.914,01168.jpg,,Power Cubes-2,[],https://image-segmentation-v4.labelbox.com?project=cjmacxybi4pxl0780cqk0o2n0&label=cjmadr0i653ha0780k35it5ea
cjmadr36j53jr0780a7h9qfag,https://firebasestorage.googleapis.com/v0/b/labelbox-193903.appspot.com/o/cjmacxyase88h0728ibuxr243%2Ff4118b52-b3d6-4fd7-90ae-22a8378c7fe9%2F01169.jpg?alt=media&token=4112ad5c-1231-44a7-9b99-04df7a813974,"{""Cube"":[{""geometry"":[{""x"":90,""y"":108},{""x"":90,""y"":0},{""x"":185,""y"":0},{""x"":185,""y"":108}]}]}",vatanaksoytezer@gmail.com,Explore the example project,1537436090000,3.547,01169.jpg,,Power Cubes-2,[],https://image-segmentation-v4.labelbox.com?project=cjmacxybi4pxl0780cqk0o2n0&label=cjmadr36j53jr0780a7h9qfag
cjmadr5fdenny0728e9kidckz,https://firebasestorage.googleapis.com/v0/b/labelbox-193903.appspot.com/o/cjmacxyase88h0728ibuxr243%2Ff4118b52-b3d6-4fd7-90ae-22a8378c7fe9%2F01175.jpg?alt=media&token=fe31a151-4a9a-4091-9f57-dfb0928c6bab,"{""Cube"":[{""geometry"":[{""x"":192,""y"":54},{""x"":192,""y"":0},{""x"":300,""y"":0},{""x"":300,""y"":54}]}]}",vatanaksoytezer@gmail.com,Explore the example project,1537436093000,2.886,01175.jpg,,Power Cubes-2,[],https://image-segmentation-v4.labelbox.com?project=cjmacxybi4pxl0780cqk0o2n0&label=cjmadr5fdenny0728e9kidckz
cjmadr7vw53o80780408hy658,https://firebasestorage.googleapis.com/v0/b/labelbox-193903.appspot.com/o/cjmacxyase88h0728ibuxr243%2Ff4118b52-b3d6-4fd7-90ae-22a8378c7fe9%2F01176.jpg?alt=media&token=601c5b2c-a528-41ce-9f46-027e04b221e8,"{""Cube"":[{""geometry"":[{""x"":93,""y"":57},{""x"":93,""y"":0},{""x"":209,""y"":0},{""x"":209,""y"":57}]}]}",vatanaksoytezer@gmail.com,Explore the example project,1537436096000,3.155,01176.jpg,,Power Cubes-2,[],https://image-segmentation-v4.labelbox.com?project=cjmacxybi4pxl0780cqk0o2n0&label=cjmadr7vw53o80780408hy658
cjmadr9rn53pn0780xx6t48np,https://firebasestorage.googleapis.com/v0/b/labelbox-193903.appspot.com/o/cjmacxyase88h0728ibuxr243%2Ff4118b52-b3d6-4fd7-90ae-22a8378c7fe9%2F01177.jpg?alt=media&token=d2f58163-cc60-4c8a-b041-daf9f13f6d4d,"{""Cube"":[{""geometry"":[{""x"":155,""y"":50},{""x"":155,""y"":0},{""x"":248,""y"":0},{""x"":248,""y"":50}]}]}",vatanaksoytezer@gmail.com,Explore the example project,1537436098000,2.442,01177.jpg,,Power Cubes-2,[],https://image-segmentation-v4.labelbox.com?project=cjmacxybi4pxl0780cqk0o2n0&label=cjmadr9rn53pn0780xx6t48np
cjmadrdi7enwo0728axd6otsh,https://firebasestorage.googleapis.com/v0/b/labelbox-193903.appspot.com/o/cjmacxyase88h0728ibuxr243%2Ff4118b52-b3d6-4fd7-90ae-22a8378c7fe9%2F01180.jpg?alt=media&token=1e290417-1149-475d-9961-b53e1be64280,"{""Cube"":[{""geometry"":[{""x"":20,""y"":134},{""x"":20,""y"":34},{""x"":136,""y"":34},{""x"":136,""y"":134}]}]}",vatanaksoytezer@gmail.com,Explore the example project,1537436103000,4.833,01180.jpg,,Power Cubes-2,[],https://image-segmentation-v4.labelbox.com?project=cjmacxybi4pxl0780cqk0o2n0&label=cjmadrdi7enwo0728axd6otsh
cjmadrgfkenyv0728vqbbb7iy,https://firebasestorage.googleapis.com/v0/b/labelbox-193903.appspot.com/o/cjmacxyase88h0728ibuxr243%2Ff4118b52-b3d6-4fd7-90ae-22a8378c7fe9%2F01181.jpg?alt=media&token=bcd3e7bf-0c57-4591-bb28-de0113fa33dd,"{""Cube"":[{""geometry"":[{""x"":93,""y"":87},{""x"":93,""y"":0},{""x"":205,""y"":0},{""x"":205,""y"":87}]}]}",vatanaksoytezer@gmail.com,Explore the example project,1537436107000,3.747,01181.jpg,,Power Cubes-2,[],https://image-segmentation-v4.labelbox.com?project=cjmacxybi4pxl0780cqk0o2n0&label=cjmadrgfkenyv0728vqbbb7iy
cjmadrioy53vv07801t8exa35,https://firebasestorage.googleapis.com/v0/b/labelbox-193903.appspot.com/o/cjmacxyase88h0728ibuxr243%2Ff4118b52-b3d6-4fd7-90ae-22a8378c7fe9%2F01182.jpg?alt=media&token=7b458dc2-a44b-495d-bd56-09746d713d53,"{""Cube"":[{""geometry"":[{""x"":128,""y"":77},{""x"":128,""y"":3},{""x"":242,""y"":3},{""x"":242,""y"":77}]}]}",vatanaksoytezer@gmail.com,Explore the example project,1537436110000,2.704,01182.jpg,,Power Cubes-2,[],https://image-segmentation-v4.labelbox.com?project=cjmacxybi4pxl0780cqk0o2n0&label=cjmadrioy53vv07801t8exa35
cjmadrko453xc07803mr51dp3,https://firebasestorage.googleapis.com/v0/b/labelbox-193903.appspot.com/o/cjmacxyase88h0728ibuxr243%2Ff4118b52-b3d6-4fd7-90ae-22a8378c7fe9%2F01183.jpg?alt=media&token=e9dd3800-7451-48ca-be4d-a9ff057cdf82,"{""Cube"":[{""geometry"":[{""x"":123,""y"":64},{""x"":123,""y"":0},{""x"":246,""y"":0},{""x"":246,""y"":64}]}]}",vatanaksoytezer@gmail.com,Explore the example project,1537436112000,2.765,01183.jpg,,Power Cubes-2,[],https://image-segmentation-v4.labelbox.com?project=cjmacxybi4pxl0780cqk0o2n0&label=cjmadrko453xc07803mr51dp3
cjmadrmlk53za0780zztzrayw,https://firebasestorage.googleapis.com/v0/b/labelbox-193903.appspot.com/o/cjmacxyase88h0728ibuxr243%2Ff4118b52-b3d6-4fd7-90ae-22a8378c7fe9%2F01184.jpg?alt=media&token=e8fee54b-e715-4827-92db-f2eeb54c8ad9,"{""Cube"":[{""geometry"":[{""x"":148,""y"":64},{""x"":148,""y"":0},{""x"":262,""y"":0},{""x"":262,""y"":64}]}]}",vatanaksoytezer@gmail.com,Explore the example project,1537436115000,2.452,01184.jpg,,Power Cubes-2,[],https://image-segmentation-v4.labelbox.com?project=cjmacxybi4pxl0780cqk0o2n0&label=cjmadrmlk53za0780zztzrayw
cjmadroh7eo6a0728q5fonzyj,https://firebasestorage.googleapis.com/v0/b/labelbox-193903.appspot.com/o/cjmacxyase88h0728ibuxr243%2Ff4118b52-b3d6-4fd7-90ae-22a8378c7fe9%2F01185.jpg?alt=media&token=2d0be46a-458d-43ec-9c41-cab9aec4391b,"{""Cube"":[{""geometry"":[{""x"":135,""y"":52},{""x"":135,""y"":0},{""x"":245,""y"":0},{""x"":245,""y"":52}]}]}",vatanaksoytezer@gmail.com,Explore the example project,1537436117000,2.441,01185.jpg,,Power Cubes-2,[],https://image-segmentation-v4.labelbox.com?project=cjmacxybi4pxl0780cqk0o2n0&label=cjmadroh7eo6a0728q5fonzyj
cjmadrsbweoao07281ir58ilj,https://firebasestorage.googleapis.com/v0/b/labelbox-193903.appspot.com/o/cjmacxyase88h0728ibuxr243%2Ff4118b52-b3d6-4fd7-90ae-22a8378c7fe9%2F01186.jpg?alt=media&token=de68499e-48d4-4ca3-bd36-8a9e897bdb88,"{""Cube"":[{""geometry"":[{""x"":192,""y"":0},{""x"":192,""y"":61},{""x"":299,""y"":61},{""x"":299,""y"":0}]}]}",vatanaksoytezer@gmail.com,Explore the example project,1537436122000,4.881,01186.jpg,,Power Cubes-2,[],https://image-segmentation-v4.labelbox.com?project=cjmacxybi4pxl0780cqk0o2n0&label=cjmadrsbweoao07281ir58ilj
cjmadrutieod307283i5repmv,https://firebasestorage.googleapis.com/v0/b/labelbox-193903.appspot.com/o/cjmacxyase88h0728ibuxr243%2Ff4118b52-b3d6-4fd7-90ae-22a8378c7fe9%2F01187.jpg?alt=media&token=adab44a2-8e89-4426-85aa-fe77d7ee26d9,"{""Cube"":[{""geometry"":[{""x"":184,""y"":62},{""x"":184,""y"":0},{""x"":286,""y"":0},{""x"":286,""y"":62}]}]}",vatanaksoytezer@gmail.com,Explore the example project,1537436126000,3.292,01187.jpg,,Power Cubes-2,[],https://image-segmentation-v4.labelbox.com?project=cjmacxybi4pxl0780cqk0o2n0&label=cjmadrutieod307283i5repmv
cjmadrxnjeof40728rr43kg9y,https://firebasestorage.googleapis.com/v0/b/labelbox-193903.appspot.com/o/cjmacxyase88h0728ibuxr243%2Ff4118b52-b3d6-4fd7-90ae-22a8378c7fe9%2F01189.jpg?alt=media&token=371de624-9c29-47c8-8da8-792328729e05,"{""Cube"":[{""geometry"":[{""x"":219,""y"":50},{""x"":219,""y"":0},{""x"":312,""y"":0},{""x"":312,""y"":50}]}]}",vatanaksoytezer@gmail.com,Explore the example project,1537436129000,3.584,01189.jpg,,Power Cubes-2,[],https://image-segmentation-v4.labelbox.com?project=cjmacxybi4pxl0780cqk0o2n0&label=cjmadrxnjeof40728rr43kg9y
cjmads0us54af0780anmjz4ue,https://firebasestorage.googleapis.com/v0/b/labelbox-193903.appspot.com/o/cjmacxyase88h0728ibuxr243%2Ff4118b52-b3d6-4fd7-90ae-22a8378c7fe9%2F01190.jpg?alt=media&token=ee319eb8-e794-427d-a69e-cc2497a1c9ea,"{""Cube"":[{""geometry"":[{""x"":265,""y"":61},{""x"":265,""y"":0},{""x"":351,""y"":0},{""x"":351,""y"":61}]}]}",vatanaksoytezer@gmail.com,Explore the example project,1537436133000,4.168,01190.jpg,,Power Cubes-2,[],https://image-segmentation-v4.labelbox.com?project=cjmacxybi4pxl0780cqk0o2n0&label=cjmads0us54af0780anmjz4ue
cjmads3w654c4078085h8clde,https://firebasestorage.googleapis.com/v0/b/labelbox-193903.appspot.com/o/cjmacxyase88h0728ibuxr243%2Ff4118b52-b3d6-4fd7-90ae-22a8378c7fe9%2F01191.jpg?alt=media&token=fb245cd2-00b5-4cef-b915-7f9c22397aaf,"{""Cube"":[{""geometry"":[{""x"":266,""y"":66},{""x"":266,""y"":1},{""x"":352,""y"":1},{""x"":352,""y"":66}]}]}",vatanaksoytezer@gmail.com,Explore the example project,1537436137000,3.974,01191.jpg,,Power Cubes-2,[],https://image-segmentation-v4.labelbox.com?project=cjmacxybi4pxl0780cqk0o2n0&label=cjmads3w654c4078085h8clde
cjmads6jqeom20728m0wpgtj0,https://firebasestorage.googleapis.com/v0/b/labelbox-193903.appspot.com/o/cjmacxyase88h0728ibuxr243%2Ff4118b52-b3d6-4fd7-90ae-22a8378c7fe9%2F01192.jpg?alt=media&token=eb28f50e-e477-450c-8174-5dfe26613dc2,"{""Cube"":[{""geometry"":[{""x"":193,""y"":42},{""x"":193,""y"":0},{""x"":279,""y"":0},{""x"":279,""y"":42}]}]}",vatanaksoytezer@gmail.com,Explore the example project,1537436141000,3.268,01192.jpg,,Power Cubes-2,[],https://image-segmentation-v4.labelbox.com?project=cjmacxybi4pxl0780cqk0o2n0&label=cjmads6jqeom20728m0wpgtj0
cjmads8ineonk0728gzzd8kpl,https://firebasestorage.googleapis.com/v0/b/labelbox-193903.appspot.com/o/cjmacxyase88h0728ibuxr243%2Ff4118b52-b3d6-4fd7-90ae-22a8378c7fe9%2F01193.jpg?alt=media&token=6552cbda-eab1-4160-8a54-98e174bd7320,"{""Cube"":[{""geometry"":[{""x"":157,""y"":47},{""x"":157,""y"":0},{""x"":240,""y"":0},{""x"":240,""y"":47}]}]}",vatanaksoytezer@gmail.com,Explore the example project,1537436143000,2.692,01193.jpg,,Power Cubes-2,[],https://image-segmentation-v4.labelbox.com?project=cjmacxybi4pxl0780cqk0o2n0&label=cjmads8ineonk0728gzzd8kpl
cjmadsaj454ir0780oeggdrww,https://firebasestorage.googleapis.com/v0/b/labelbox-193903.appspot.com/o/cjmacxyase88h0728ibuxr243%2Ff4118b52-b3d6-4fd7-90ae-22a8378c7fe9%2F01194.jpg?alt=media&token=596e53a8-8b40-4139-be7e-0c382d6fff11,"{""Cube"":[{""geometry"":[{""x"":199,""y"":55},{""x"":199,""y"":1},{""x"":285,""y"":1},{""x"":285,""y"":55}]}]}",vatanaksoytezer@gmail.com,Explore the example project,1537436146000,2.588,01194.jpg,,Power Cubes-2,[],https://image-segmentation-v4.labelbox.com?project=cjmacxybi4pxl0780cqk0o2n0&label=cjmadsaj454ir0780oeggdrww
cjmadscp154kv07804uygs1gh,https://firebasestorage.googleapis.com/v0/b/labelbox-193903.appspot.com/o/cjmacxyase88h0728ibuxr243%2Ff4118b52-b3d6-4fd7-90ae-22a8378c7fe9%2F01195.jpg?alt=media&token=ce9bd86b-b92e-43e9-86c5-3ea2b96a089c,"{""Cube"":[{""geometry"":[{""x"":171,""y"":58},{""x"":171,""y"":0},{""x"":270,""y"":0},{""x"":270,""y"":58}]}]}",vatanaksoytezer@gmail.com,Explore the example project,1537436149000,2.787,01195.jpg,,Power Cubes-2,[],https://image-segmentation-v4.labelbox.com?project=cjmacxybi4pxl0780cqk0o2n0&label=cjmadscp154kv07804uygs1gh
cjmadsfjm54na0780gaxep49b,https://firebasestorage.googleapis.com/v0/b/labelbox-193903.appspot.com/o/cjmacxyase88h0728ibuxr243%2Ff4118b52-b3d6-4fd7-90ae-22a8378c7fe9%2F01196.jpg?alt=media&token=e9b68047-e5f8-436f-bb19-4e36dc7e76b7,"{""Cube"":[{""geometry"":[{""x"":183,""y"":51},{""x"":183,""y"":0},{""x"":268,""y"":0},{""x"":268,""y"":51}]}]}",vatanaksoytezer@gmail.com,Explore the example project,1537436153000,3.62,01196.jpg,,Power Cubes-2,[],https://image-segmentation-v4.labelbox.com?project=cjmacxybi4pxl0780cqk0o2n0&label=cjmadsfjm54na0780gaxep49b
cjmadsib154ql0780tpez3v1i,https://firebasestorage.googleapis.com/v0/b/labelbox-193903.appspot.com/o/cjmacxyase88h0728ibuxr243%2Ff4118b52-b3d6-4fd7-90ae-22a8378c7fe9%2F01197.jpg?alt=media&token=85401f80-fe84-472a-a757-cc4064352588,"{""Cube"":[{""geometry"":[{""x"":193,""y"":84},{""x"":193,""y"":5},{""x"":293,""y"":5},{""x"":293,""y"":84}]}]}",vatanaksoytezer@gmail.com,Explore the example project,1537436156000,3.52,01197.jpg,,Power Cubes-2,[],https://image-segmentation-v4.labelbox.com?project=cjmacxybi4pxl0780cqk0o2n0&label=cjmadsib154ql0780tpez3v1i
cjmadslbs54ta0780wsephma9,https://firebasestorage.googleapis.com/v0/b/labelbox-193903.appspot.com/o/cjmacxyase88h0728ibuxr243%2Ff4118b52-b3d6-4fd7-90ae-22a8378c7fe9%2F01198.jpg?alt=media&token=c9c8fbd4-1fde-4649-a365-c54d05d5d58e,"{""Cube"":[{""geometry"":[{""x"":197,""y"":108},{""x"":197,""y"":29},{""x"":298,""y"":29},{""x"":298,""y"":108}]}]}",vatanaksoytezer@gmail.com,Explore the example project,1537436160000,3.442,01198.jpg,,Power Cubes-2,[],https://image-segmentation-v4.labelbox.com?project=cjmacxybi4pxl0780cqk0o2n0&label=cjmadslbs54ta0780wsephma9
cjmadsnpn54w8078039rr7mst,https://firebasestorage.googleapis.com/v0/b/labelbox-193903.appspot.com/o/cjmacxyase88h0728ibuxr243%2Ff4118b52-b3d6-4fd7-90ae-22a8378c7fe9%2F01199.jpg?alt=media&token=1572d107-fbcd-4394-a30e-19099ca0daeb,"{""Cube"":[{""geometry"":[{""x"":229,""y"":85},{""x"":229,""y"":12},{""x"":338,""y"":12},{""x"":338,""y"":85}]}]}",vatanaksoytezer@gmail.com,Explore the example project,1537436163000,3.585,01199.jpg,,Power Cubes-2,[],https://image-segmentation-v4.labelbox.com?project=cjmacxybi4pxl0780cqk0o2n0&label=cjmadsnpn54w8078039rr7mst
cjmadsq3c54z107800a3cu4dt,https://firebasestorage.googleapis.com/v0/b/labelbox-193903.appspot.com/o/cjmacxyase88h0728ibuxr243%2Ff4118b52-b3d6-4fd7-90ae-22a8378c7fe9%2F01200.jpg?alt=media&token=197a1910-17d2-45ad-96c4-bf7cc2c4baed,"{""Cube"":[{""geometry"":[{""x"":205,""y"":74},{""x"":205,""y"":2},{""x"":315,""y"":2},{""x"":315,""y"":74}]}]}",vatanaksoytezer@gmail.com,Explore the example project,1537436166000,2.98,01200.jpg,,Power Cubes-2,[],https://image-segmentation-v4.labelbox.com?project=cjmacxybi4pxl0780cqk0o2n0&label=cjmadsq3c54z107800a3cu4dt
cjmadss2jep8i072854pkswjc,https://firebasestorage.googleapis.com/v0/b/labelbox-193903.appspot.com/o/cjmacxyase88h0728ibuxr243%2Ff4118b52-b3d6-4fd7-90ae-22a8378c7fe9%2F01201.jpg?alt=media&token=08bc52ce-a57e-4412-953b-18df9c985763,"{""Cube"":[{""geometry"":[{""x"":210,""y"":58},{""x"":210,""y"":1},{""x"":304,""y"":1},{""x"":304,""y"":58}]}]}",vatanaksoytezer@gmail.com,Explore the example project,1537436169000,2.664,01201.jpg,,Power Cubes-2,[],https://image-segmentation-v4.labelbox.com?project=cjmacxybi4pxl0780cqk0o2n0&label=cjmadss2jep8i072854pkswjc
cjmadsufdepb90728xjve7q1d,https://firebasestorage.googleapis.com/v0/b/labelbox-193903.appspot.com/o/cjmacxyase88h0728ibuxr243%2Ff4118b52-b3d6-4fd7-90ae-22a8378c7fe9%2F01202.jpg?alt=media&token=cac79948-de64-459a-a9bd-aee33517ada4,"{""Cube"":[{""geometry"":[{""x"":236,""y"":54},{""x"":236,""y"":0},{""x"":340,""y"":0},{""x"":340,""y"":54}]}]}",vatanaksoytezer@gmail.com,Explore the example project,1537436172000,3.039,01202.jpg,,Power Cubes-2,[],https://image-segmentation-v4.labelbox.com?project=cjmacxybi4pxl0780cqk0o2n0&label=cjmadsufdepb90728xjve7q1d
cjmadswjm555i0780hyd2x2g1,https://firebasestorage.googleapis.com/v0/b/labelbox-193903.appspot.com/o/cjmacxyase88h0728ibuxr243%2Ff4118b52-b3d6-4fd7-90ae-22a8378c7fe9%2F01203.jpg?alt=media&token=140ac1d5-e477-47c3-8160-c045cc18463b,"{""Cube"":[{""geometry"":[{""x"":200,""y"":64},{""x"":200,""y"":0},{""x"":302,""y"":0},{""x"":302,""y"":64}]}]}",vatanaksoytezer@gmail.com,Explore the example project,1537436175000,2.735,01203.jpg,,Power Cubes-2,[],https://image-segmentation-v4.labelbox.com?project=cjmacxybi4pxl0780cqk0o2n0&label=cjmadswjm555i0780hyd2x2g1
cjmadsylgeph807287kjmk4lb,https://firebasestorage.googleapis.com/v0/b/labelbox-193903.appspot.com/o/cjmacxyase88h0728ibuxr243%2Ff4118b52-b3d6-4fd7-90ae-22a8378c7fe9%2F01204.jpg?alt=media&token=1afdc907-92e8-4036-8760-54f593f9bd62,"{""Cube"":[{""geometry"":[{""x"":205,""y"":69},{""x"":205,""y"":0},{""x"":306,""y"":0},{""x"":306,""y"":69}]}]}",vatanaksoytezer@gmail.com,Explore the example project,1537436177000,2.638,01204.jpg,,Power Cubes-2,[],https://image-segmentation-v4.labelbox.com?project=cjmacxybi4pxl0780cqk0o2n0&label=cjmadsylgeph807287kjmk4lb
cjmadt2u7eplz0728v98ihqa5,https://firebasestorage.googleapis.com/v0/b/labelbox-193903.appspot.com/o/cjmacxyase88h0728ibuxr243%2Ff4118b52-b3d6-4fd7-90ae-22a8378c7fe9%2F01205.jpg?alt=media&token=143bbe07-f7bf-4bd1-830c-2768ddf4c32c,"{""Cube"":[{""geometry"":[{""x"":205,""y"":70},{""x"":205,""y"":0},{""x"":307,""y"":0},{""x"":307,""y"":70}]}]}",vatanaksoytezer@gmail.com,Explore the example project,1537436183000,5.301,01205.jpg,,Power Cubes-2,[],https://image-segmentation-v4.labelbox.com?project=cjmacxybi4pxl0780cqk0o2n0&label=cjmadt2u7eplz0728v98ihqa5
cjmadt516epo50728679h6uf4,https://firebasestorage.googleapis.com/v0/b/labelbox-193903.appspot.com/o/cjmacxyase88h0728ibuxr243%2Ff4118b52-b3d6-4fd7-90ae-22a8378c7fe9%2F01206.jpg?alt=media&token=bb25a3da-1e6c-4e01-ba11-bb11eb8a607d,"{""Cube"":[{""geometry"":[{""x"":231,""y"":71},{""x"":231,""y"":1},{""x"":339,""y"":1},{""x"":339,""y"":71}]}]}",vatanaksoytezer@gmail.com,Explore the example project,1537436186000,2.994,01206.jpg,,Power Cubes-2,[],https://image-segmentation-v4.labelbox.com?project=cjmacxybi4pxl0780cqk0o2n0&label=cjmadt516epo50728679h6uf4
cjmadt74p55ih0780ep7ea3ss,https://firebasestorage.googleapis.com/v0/b/labelbox-193903.appspot.com/o/cjmacxyase88h0728ibuxr243%2Ff4118b52-b3d6-4fd7-90ae-22a8378c7fe9%2F01207.jpg?alt=media&token=afe8408c-007a-4803-8b91-b13300afb8a5,"{""Cube"":[{""geometry"":[{""x"":220,""y"":70},{""x"":220,""y"":0},{""x"":326,""y"":0},{""x"":326,""y"":70}]}]}",vatanaksoytezer@gmail.com,Explore the example project,1537436188000,2.717,01207.jpg,,Power Cubes-2,[],https://image-segmentation-v4.labelbox.com?project=cjmacxybi4pxl0780cqk0o2n0&label=cjmadt74p55ih0780ep7ea3ss
cjmadt9ipepu60728qsz9scqk,https://firebasestorage.googleapis.com/v0/b/labelbox-193903.appspot.com/o/cjmacxyase88h0728ibuxr243%2Ff4118b52-b3d6-4fd7-90ae-22a8378c7fe9%2F01208.jpg?alt=media&token=bee4edab-ab67-4e2b-9dc7-7b0fd36d2e6a,"{""Cube"":[{""geometry"":[{""x"":214,""y"":72},{""x"":214,""y"":0},{""x"":320,""y"":0},{""x"":320,""y"":72}]}]}",vatanaksoytezer@gmail.com,Explore the example project,1537436191000,2.957,01208.jpg,,Power Cubes-2,[],https://image-segmentation-v4.labelbox.com?project=cjmacxybi4pxl0780cqk0o2n0&label=cjmadt9ipepu60728qsz9scqk
cjmadtbnlepws0728g2oah65j,https://firebasestorage.googleapis.com/v0/b/labelbox-193903.appspot.com/o/cjmacxyase88h0728ibuxr243%2Ff4118b52-b3d6-4fd7-90ae-22a8378c7fe9%2F01209.jpg?alt=media&token=ee306c86-e046-4330-b8af-ce735c21ce97,"{""Cube"":[{""geometry"":[{""x"":217,""y"":67},{""x"":217,""y"":0},{""x"":317,""y"":0},{""x"":317,""y"":67}]}]}",vatanaksoytezer@gmail.com,Explore the example project,1537436194000,2.865,01209.jpg,,Power Cubes-2,[],https://image-segmentation-v4.labelbox.com?project=cjmacxybi4pxl0780cqk0o2n0&label=cjmadtbnlepws0728g2oah65j
cjmadtlz155yo0780gkc1onej,https://firebasestorage.googleapis.com/v0/b/labelbox-193903.appspot.com/o/cjmacxyase88h0728ibuxr243%2Ff4118b52-b3d6-4fd7-90ae-22a8378c7fe9%2F01210.jpg?alt=media&token=e75209ea-7c06-4bff-90ac-a84cb4438beb,"{""Cube"":[{""geometry"":[{""x"":349,""y"":89},{""x"":253,""y"":89},{""x"":253,""y"":2},{""x"":349,""y"":2}]}]}",vatanaksoytezer@gmail.com,Explore the example project,1537436207000,13.356,01210.jpg,,Power Cubes-2,[],https://image-segmentation-v4.labelbox.com?project=cjmacxybi4pxl0780cqk0o2n0&label=cjmadtlz155yo0780gkc1onej
cjmadtoiheq960728dwoyk7t6,https://firebasestorage.googleapis.com/v0/b/labelbox-193903.appspot.com/o/cjmacxyase88h0728ibuxr243%2Ff4118b52-b3d6-4fd7-90ae-22a8378c7fe9%2F01211.jpg?alt=media&token=cdf062b6-d642-458a-a7dc-87f68392f9c4,"{""Cube"":[{""geometry"":[{""x"":233,""y"":89},{""x"":233,""y"":2},{""x"":332,""y"":2},{""x"":332,""y"":89}]}]}",vatanaksoytezer@gmail.com,Explore the example project,1537436211000,3.189,01211.jpg,,Power Cubes-2,[],https://image-segmentation-v4.labelbox.com?project=cjmacxybi4pxl0780cqk0o2n0&label=cjmadtoiheq960728dwoyk7t6
cjmadtq53562i0780np0abk0l,https://firebasestorage.googleapis.com/v0/b/labelbox-193903.appspot.com/o/cjmacxyase88h0728ibuxr243%2Ff4118b52-b3d6-4fd7-90ae-22a8378c7fe9%2F01212.jpg?alt=media&token=009c33b3-e190-41da-9863-817b6b5982de,"{""Cube"":[{""geometry"":[{""x"":252,""y"":83},{""x"":252,""y"":2},{""x"":363,""y"":2},{""x"":363,""y"":83}]}]}",vatanaksoytezer@gmail.com,Explore the example project,1537436213000,2.163,01212.jpg,,Power Cubes-2,[],https://image-segmentation-v4.labelbox.com?project=cjmacxybi4pxl0780cqk0o2n0&label=cjmadtq53562i0780np0abk0l
cjmadts7g564w0780c882mxqv,https://firebasestorage.googleapis.com/v0/b/labelbox-193903.appspot.com/o/cjmacxyase88h0728ibuxr243%2Ff4118b52-b3d6-4fd7-90ae-22a8378c7fe9%2F01213.jpg?alt=media&token=1501bba7-f4d6-4e24-aaec-a8fa262e7acc,"{""Cube"":[{""geometry"":[{""x"":210,""y"":54},{""x"":210,""y"":0},{""x"":303,""y"":0},{""x"":303,""y"":54}]}]}",vatanaksoytezer@gmail.com,Explore the example project,1537436216000,2.578,01213.jpg,,Power Cubes-2,[],https://image-segmentation-v4.labelbox.com?project=cjmacxybi4pxl0780cqk0o2n0&label=cjmadts7g564w0780c882mxqv
cjmadtu7deqdp0728whak8lok,https://firebasestorage.googleapis.com/v0/b/labelbox-193903.appspot.com/o/cjmacxyase88h0728ibuxr243%2Ff4118b52-b3d6-4fd7-90ae-22a8378c7fe9%2F01214.jpg?alt=media&token=ff226d69-eb9b-46ad-8e19-f9e4ecef47f1,"{""Cube"":[{""geometry"":[{""x"":225,""y"":57},{""x"":225,""y"":0},{""x"":321,""y"":0},{""x"":321,""y"":57}]}]}",vatanaksoytezer@gmail.com,Explore the example project,1537436218000,2.663,01214.jpg,,Power Cubes-2,[],https://image-segmentation-v4.labelbox.com?project=cjmacxybi4pxl0780cqk0o2n0&label=cjmadtu7deqdp0728whak8lok
cjmadtw5z568z0780ei1b8rz6,https://firebasestorage.googleapis.com/v0/b/labelbox-193903.appspot.com/o/cjmacxyase88h0728ibuxr243%2Ff4118b52-b3d6-4fd7-90ae-22a8378c7fe9%2F01215.jpg?alt=media&token=f4c64fd4-cd55-4a22-b6ea-020b5b0abc4a,"{""Cube"":[{""geometry"":[{""x"":211,""y"":61},{""x"":211,""y"":2},{""x"":313,""y"":2},{""x"":313,""y"":61}]}]}",vatanaksoytezer@gmail.com,Explore the example project,1537436221000,2.542,01215.jpg,,Power Cubes-2,[],https://image-segmentation-v4.labelbox.com?project=cjmacxybi4pxl0780cqk0o2n0&label=cjmadtw5z568z0780ei1b8rz6
cjmadu05x56d10780dchq1k14,https://firebasestorage.googleapis.com/v0/b/labelbox-193903.appspot.com/o/cjmacxyase88h0728ibuxr243%2Ff4118b52-b3d6-4fd7-90ae-22a8378c7fe9%2F01216.jpg?alt=media&token=240ccf43-8257-4ad2-b803-1f3a3fce7bde,"{""Cube"":[{""geometry"":[{""x"":205,""y"":1},{""x"":205,""y"":64},{""x"":315,""y"":64},{""x"":315,""y"":1}]}]}",vatanaksoytezer@gmail.com,Explore the example project,1537436226000,5.153,01216.jpg,,Power Cubes-2,[],https://image-segmentation-v4.labelbox.com?project=cjmacxybi4pxl0780cqk0o2n0&label=cjmadu05x56d10780dchq1k14
cjmadu2boeqm30728igk2neuv,https://firebasestorage.googleapis.com/v0/b/labelbox-193903.appspot.com/o/cjmacxyase88h0728ibuxr243%2Ff4118b52-b3d6-4fd7-90ae-22a8378c7fe9%2F01217.jpg?alt=media&token=ae35721f-3ee3-484a-ad05-440354cad96e,"{""Cube"":[{""geometry"":[{""x"":188,""y"":60},{""x"":188,""y"":0},{""x"":296,""y"":0},{""x"":296,""y"":60}]}]}",vatanaksoytezer@gmail.com,Explore the example project,1537436229000,2.78,01217.jpg,,Power Cubes-2,[],https://image-segmentation-v4.labelbox.com?project=cjmacxybi4pxl0780cqk0o2n0&label=cjmadu2boeqm30728igk2neuv
cjmadu47l56gs0780o9p3bs8l,https://firebasestorage.googleapis.com/v0/b/labelbox-193903.appspot.com/o/cjmacxyase88h0728ibuxr243%2Ff4118b52-b3d6-4fd7-90ae-22a8378c7fe9%2F01218.jpg?alt=media&token=baa74934-8787-4bbf-a05b-a0dbf7d9f153,"{""Cube"":[{""geometry"":[{""x"":171,""y"":54},{""x"":171,""y"":0},{""x"":283,""y"":0},{""x"":283,""y"":54}]}]}",vatanaksoytezer@gmail.com,Explore the example project,1537436231000,2.405,01218.jpg,,Power Cubes-2,[],https://image-segmentation-v4.labelbox.com?project=cjmacxybi4pxl0780cqk0o2n0&label=cjmadu47l56gs0780o9p3bs8l
cjmadu7adeqri0728wluo2d4m,https://firebasestorage.googleapis.com/v0/b/labelbox-193903.appspot.com/o/cjmacxyase88h0728ibuxr243%2Ff4118b52-b3d6-4fd7-90ae-22a8378c7fe9%2F01219.jpg?alt=media&token=3ed0e373-1d6d-4885-91ac-17386406f99b,"{""Cube"":[{""geometry"":[{""x"":162,""y"":98},{""x"":162,""y"":1},{""x"":292,""y"":1},{""x"":292,""y"":98}]}]}",vatanaksoytezer@gmail.com,Explore the example project,1537436235000,3.851,01219.jpg,,Power Cubes-2,[],https://image-segmentation-v4.labelbox.com?project=cjmacxybi4pxl0780cqk0o2n0&label=cjmadu7adeqri0728wluo2d4m
cjmadua2nequ40728qr01lmqq,https://firebasestorage.googleapis.com/v0/b/labelbox-193903.appspot.com/o/cjmacxyase88h0728ibuxr243%2Ff4118b52-b3d6-4fd7-90ae-22a8378c7fe9%2F01220.jpg?alt=media&token=0eaef980-c4bd-4ecc-8c10-855b59d0186b,"{""Cube"":[{""geometry"":[{""x"":113,""y"":129},{""x"":113,""y"":9},{""x"":261,""y"":9},{""x"":261,""y"":129}]}]}",vatanaksoytezer@gmail.com,Explore the example project,1537436239000,3.763,01220.jpg,,Power Cubes-2,[],https://image-segmentation-v4.labelbox.com?project=cjmacxybi4pxl0780cqk0o2n0&label=cjmadua2nequ40728qr01lmqq
cjmadudkc56qr0780hdm7wci4,https://firebasestorage.googleapis.com/v0/b/labelbox-193903.appspot.com/o/cjmacxyase88h0728ibuxr243%2Ff4118b52-b3d6-4fd7-90ae-22a8378c7fe9%2F01221.jpg?alt=media&token=048b90da-4a98-47f9-adfd-ee3033932ebd,"{""Cube"":[{""geometry"":[{""x"":88,""y"":219},{""x"":88,""y"":47},{""x"":262,""y"":47},{""x"":262,""y"":219}]}]}",vatanaksoytezer@gmail.com,Explore the example project,1537436243000,4.463,01221.jpg,,Power Cubes-2,[],https://image-segmentation-v4.labelbox.com?project=cjmacxybi4pxl0780cqk0o2n0&label=cjmadudkc56qr0780hdm7wci4
cjmadufxl56sp0780vqgs3ugq,https://firebasestorage.googleapis.com/v0/b/labelbox-193903.appspot.com/o/cjmacxyase88h0728ibuxr243%2Ff4118b52-b3d6-4fd7-90ae-22a8378c7fe9%2F01222.jpg?alt=media&token=a72a8bd1-f5ed-454d-9a61-de99fee881c6,"{""Cube"":[{""geometry"":[{""x"":122,""y"":76},{""x"":122,""y"":0},{""x"":242,""y"":0},{""x"":242,""y"":76}]}]}",vatanaksoytezer@gmail.com,Explore the example project,1537436246000,3.065,01222.jpg,,Power Cubes-2,[],https://image-segmentation-v4.labelbox.com?project=cjmacxybi4pxl0780cqk0o2n0&label=cjmadufxl56sp0780vqgs3ugq
cjmaduie4er35072800wtb8my,https://firebasestorage.googleapis.com/v0/b/labelbox-193903.appspot.com/o/cjmacxyase88h0728ibuxr243%2Ff4118b52-b3d6-4fd7-90ae-22a8378c7fe9%2F01223.jpg?alt=media&token=123e9c71-4d01-443f-836e-878ad4c8e571,"{""Cube"":[{""geometry"":[{""x"":200,""y"":82},{""x"":200,""y"":0},{""x"":306,""y"":0},{""x"":306,""y"":82}]}]}",vatanaksoytezer@gmail.com,Explore the example project,1537436250000,3.201,01223.jpg,,Power Cubes-2,[],https://image-segmentation-v4.labelbox.com?project=cjmacxybi4pxl0780cqk0o2n0&label=cjmaduie4er35072800wtb8my
cjmadul1f56xt07801nkj36qt,https://firebasestorage.googleapis.com/v0/b/labelbox-193903.appspot.com/o/cjmacxyase88h0728ibuxr243%2Ff4118b52-b3d6-4fd7-90ae-22a8378c7fe9%2F01224.jpg?alt=media&token=3d00d7e9-0f18-4211-9cc0-55c7aefe9877,"{""Cube"":[{""geometry"":[{""x"":228,""y"":58},{""x"":228,""y"":0},{""x"":318,""y"":0},{""x"":318,""y"":58}]}]}",vatanaksoytezer@gmail.com,Explore the example project,1537436253000,3.419,01224.jpg,,Power Cubes-2,[],https://image-segmentation-v4.labelbox.com?project=cjmacxybi4pxl0780cqk0o2n0&label=cjmadul1f56xt07801nkj36qt
cjmadun1y56z50780pn40rd9e,https://firebasestorage.googleapis.com/v0/b/labelbox-193903.appspot.com/o/cjmacxyase88h0728ibuxr243%2Ff4118b52-b3d6-4fd7-90ae-22a8378c7fe9%2F01225.jpg?alt=media&token=198eee68-879d-49ec-bfea-ea287c5e8e59,"{""Cube"":[{""geometry"":[{""x"":238,""y"":55},{""x"":238,""y"":0},{""x"":324,""y"":0},{""x"":324,""y"":55}]}]}",vatanaksoytezer@gmail.com,Explore the example project,1537436256000,2.537,01225.jpg,,Power Cubes-2,[],https://image-segmentation-v4.labelbox.com?project=cjmacxybi4pxl0780cqk0o2n0&label=cjmadun1y56z50780pn40rd9e
cjmadup5zer8t0728h5my4lik,https://firebasestorage.googleapis.com/v0/b/labelbox-193903.appspot.com/o/cjmacxyase88h0728ibuxr243%2Ff4118b52-b3d6-4fd7-90ae-22a8378c7fe9%2F01226.jpg?alt=media&token=2699a596-9878-4f88-8c14-9b1e57dd3a97,"{""Cube"":[{""geometry"":[{""x"":223,""y"":94},{""x"":223,""y"":0},{""x"":319,""y"":0},{""x"":319,""y"":94}]}]}",vatanaksoytezer@gmail.com,Explore the example project,1537436258000,2.718,01226.jpg,,Power Cubes-2,[],https://image-segmentation-v4.labelbox.com?project=cjmacxybi4pxl0780cqk0o2n0&label=cjmadup5zer8t0728h5my4lik
cjmadusbjerby07281u7rqoj0,https://firebasestorage.googleapis.com/v0/b/labelbox-193903.appspot.com/o/cjmacxyase88h0728ibuxr243%2Ff4118b52-b3d6-4fd7-90ae-22a8378c7fe9%2F01227.jpg?alt=media&token=9ceed0e9-e22a-4bcb-a108-110bcb14b897,"{""Cube"":[{""geometry"":[{""x"":181,""y"":103},{""x"":181,""y"":5},{""x"":271,""y"":5},{""x"":271,""y"":103}]}]}",vatanaksoytezer@gmail.com,Explore the example project,1537436262000,4.104,01227.jpg,,Power Cubes-2,[],https://image-segmentation-v4.labelbox.com?project=cjmacxybi4pxl0780cqk0o2n0&label=cjmadusbjerby07281u7rqoj0
cjmaduvc2575f07808giq12on,https://firebasestorage.googleapis.com/v0/b/labelbox-193903.appspot.com/o/cjmacxyase88h0728ibuxr243%2Ff4118b52-b3d6-4fd7-90ae-22a8378c7fe9%2F01228.jpg?alt=media&token=63be2982-60c2-4f85-88fe-8b884ff702be,"{""Cube"":[{""geometry"":[{""x"":177,""y"":75},{""x"":177,""y"":0},{""x"":262,""y"":0},{""x"":262,""y"":75}]}]}",vatanaksoytezer@gmail.com,Explore the example project,1537436266000,3.9,01228.jpg,,Power Cubes-2,[],https://image-segmentation-v4.labelbox.com?project=cjmacxybi4pxl0780cqk0o2n0&label=cjmaduvc2575f07808giq12on
cjmaduxqf577a0780o3yxnkgg,https://firebasestorage.googleapis.com/v0/b/labelbox-193903.appspot.com/o/cjmacxyase88h0728ibuxr243%2Ff4118b52-b3d6-4fd7-90ae-22a8378c7fe9%2F01229.jpg?alt=media&token=64bd2dd4-ccb3-4dca-a922-c822e32aaf2f,"{""Cube"":[{""geometry"":[{""x"":192,""y"":91},{""x"":192,""y"":6},{""x"":272,""y"":6},{""x"":272,""y"":91}]}]}",vatanaksoytezer@gmail.com,Explore the example project,1537436269000,3.067,01229.jpg,,Power Cubes-2,[],https://image-segmentation-v4.labelbox.com?project=cjmacxybi4pxl0780cqk0o2n0&label=cjmaduxqf577a0780o3yxnkgg
cjmadv06gerj20728uhf4y7cd,https://firebasestorage.googleapis.com/v0/b/labelbox-193903.appspot.com/o/cjmacxyase88h0728ibuxr243%2Ff4118b52-b3d6-4fd7-90ae-22a8378c7fe9%2F01230.jpg?alt=media&token=f87ec16f-4cba-413e-8a42-427d6a31f828,"{""Cube"":[{""geometry"":[{""x"":161,""y"":96},{""x"":161,""y"":15},{""x"":246,""y"":15},{""x"":246,""y"":96}]}]}",vatanaksoytezer@gmail.com,Explore the example project,1537436273000,3.175,01230.jpg,,Power Cubes-2,[],https://image-segmentation-v4.labelbox.com?project=cjmacxybi4pxl0780cqk0o2n0&label=cjmadv06gerj20728uhf4y7cd
cjmadv2rlernd0728ouqstpsn,https://firebasestorage.googleapis.com/v0/b/labelbox-193903.appspot.com/o/cjmacxyase88h0728ibuxr243%2Ff4118b52-b3d6-4fd7-90ae-22a8378c7fe9%2F01231.jpg?alt=media&token=fd1e6019-3cd1-4844-bb56-5f1db6e631ed,"{""Cube"":[{""geometry"":[{""x"":160,""y"":69},{""x"":160,""y"":0},{""x"":233,""y"":0},{""x"":233,""y"":69}]}]}",vatanaksoytezer@gmail.com,Explore the example project,1537436276000,3.35,01231.jpg,,Power Cubes-2,[],https://image-segmentation-v4.labelbox.com?project=cjmacxybi4pxl0780cqk0o2n0&label=cjmadv2rlernd0728ouqstpsn
cjmadv52berq40728zoxwn303,https://firebasestorage.googleapis.com/v0/b/labelbox-193903.appspot.com/o/cjmacxyase88h0728ibuxr243%2Ff4118b52-b3d6-4fd7-90ae-22a8378c7fe9%2F01232.jpg?alt=media&token=370fe455-2736-4b70-9d2c-845a06b9684f,"{""Cube"":[{""geometry"":[{""x"":158,""y"":55},{""x"":158,""y"":0},{""x"":223,""y"":0},{""x"":223,""y"":55}]}]}",vatanaksoytezer@gmail.com,Explore the example project,1537436279000,2.761,01232.jpg,,Power Cubes-2,[],https://image-segmentation-v4.labelbox.com?project=cjmacxybi4pxl0780cqk0o2n0&label=cjmadv52berq40728zoxwn303
cjmadv76nerst0728pylj8dyb,https://firebasestorage.googleapis.com/v0/b/labelbox-193903.appspot.com/o/cjmacxyase88h0728ibuxr243%2Ff4118b52-b3d6-4fd7-90ae-22a8378c7fe9%2F01233.jpg?alt=media&token=6474ba39-236c-4537-928b-56c8a40e5eac,"{""Cube"":[{""geometry"":[{""x"":137,""y"":36},{""x"":137,""y"":0},{""x"":202,""y"":0},{""x"":202,""y"":36}]}]}",vatanaksoytezer@gmail.com,Explore the example project,1537436282000,2.905,01233.jpg,,Power Cubes-2,[],https://image-segmentation-v4.labelbox.com?project=cjmacxybi4pxl0780cqk0o2n0&label=cjmadv76nerst0728pylj8dyb
cjmadv9lt57jg0780vbwnebdo,https://firebasestorage.googleapis.com/v0/b/labelbox-193903.appspot.com/o/cjmacxyase88h0728ibuxr243%2Ff4118b52-b3d6-4fd7-90ae-22a8378c7fe9%2F01234.jpg?alt=media&token=a4fc162b-7318-4148-b0f2-313bacf768eb,"{""Cube"":[{""geometry"":[{""x"":153,""y"":27},{""x"":153,""y"":0},{""x"":210,""y"":0},{""x"":210,""y"":27}]}]}",vatanaksoytezer@gmail.com,Explore the example project,1537436285000,2.9,01234.jpg,,Power Cubes-2,[],https://image-segmentation-v4.labelbox.com?project=cjmacxybi4pxl0780cqk0o2n0&label=cjmadv9lt57jg0780vbwnebdo
cjmadvbh857lf0780z24j31op,https://firebasestorage.googleapis.com/v0/b/labelbox-193903.appspot.com/o/cjmacxyase88h0728ibuxr243%2Ff4118b52-b3d6-4fd7-90ae-22a8378c7fe9%2F01237.jpg?alt=media&token=573a8353-b9c8-4a99-8afc-51057b9f31c1,"{""Cube"":[{""geometry"":[{""x"":138,""y"":20},{""x"":138,""y"":0},{""x"":195,""y"":0},{""x"":195,""y"":20}]}]}",vatanaksoytezer@gmail.com,Explore the example project,1537436287000,2.557,01237.jpg,,Power Cubes-2,[],https://image-segmentation-v4.labelbox.com?project=cjmacxybi4pxl0780cqk0o2n0&label=cjmadvbh857lf0780z24j31op
cjmadvdg1eryt0728bg6wmxx3,https://firebasestorage.googleapis.com/v0/b/labelbox-193903.appspot.com/o/cjmacxyase88h0728ibuxr243%2Ff4118b52-b3d6-4fd7-90ae-22a8378c7fe9%2F01238.jpg?alt=media&token=99d70b3e-76da-44bf-a730-647da39c179a,"{""Cube"":[{""geometry"":[{""x"":120,""y"":22},{""x"":120,""y"":0},{""x"":181,""y"":0},{""x"":181,""y"":22}]}]}",vatanaksoytezer@gmail.com,Explore the example project,1537436290000,2.646,01238.jpg,,Power Cubes-2,[],https://image-segmentation-v4.labelbox.com?project=cjmacxybi4pxl0780cqk0o2n0&label=cjmadvdg1eryt0728bg6wmxx3
cjmadvfnhes120728nwe5qt3c,https://firebasestorage.googleapis.com/v0/b/labelbox-193903.appspot.com/o/cjmacxyase88h0728ibuxr243%2Ff4118b52-b3d6-4fd7-90ae-22a8378c7fe9%2F01240.jpg?alt=media&token=3297ba62-feab-42d5-9dd3-b83a2a9d4e03,"{""Cube"":[{""geometry"":[{""x"":146,""y"":35},{""x"":146,""y"":0},{""x"":210,""y"":0},{""x"":210,""y"":35}]}]}",vatanaksoytezer@gmail.com,Explore the example project,1537436293000,2.797,01240.jpg,,Power Cubes-2,[],https://image-segmentation-v4.labelbox.com?project=cjmacxybi4pxl0780cqk0o2n0&label=cjmadvfnhes120728nwe5qt3c
cjmadvhp2es2h0728mp7376hh,https://firebasestorage.googleapis.com/v0/b/labelbox-193903.appspot.com/o/cjmacxyase88h0728ibuxr243%2Ff4118b52-b3d6-4fd7-90ae-22a8378c7fe9%2F01241.jpg?alt=media&token=650489f8-7d00-45ab-89fc-50d61f2075a9,"{""Cube"":[{""geometry"":[{""x"":114,""y"":38},{""x"":114,""y"":0},{""x"":180,""y"":0},{""x"":180,""y"":38}]}]}",vatanaksoytezer@gmail.com,Explore the example project,1537436295000,2.664,01241.jpg,,Power Cubes-2,[],https://image-segmentation-v4.labelbox.com?project=cjmacxybi4pxl0780cqk0o2n0&label=cjmadvhp2es2h0728mp7376hh
cjmadvjmb57qw0780miy0s8ky,https://firebasestorage.googleapis.com/v0/b/labelbox-193903.appspot.com/o/cjmacxyase88h0728ibuxr243%2Ff4118b52-b3d6-4fd7-90ae-22a8378c7fe9%2F01242.jpg?alt=media&token=761f24d8-af66-42d2-baa1-b3bbf7085d70,"{""Cube"":[{""geometry"":[{""x"":114,""y"":61},{""x"":114,""y"":0},{""x"":187,""y"":0},{""x"":187,""y"":61}]}]}",vatanaksoytezer@gmail.com,Explore the example project,1537436298000,2.468,01242.jpg,,Power Cubes-2,[],https://image-segmentation-v4.labelbox.com?project=cjmacxybi4pxl0780cqk0o2n0&label=cjmadvjmb57qw0780miy0s8ky
cjmadvlo757t007801wirw8tx,https://firebasestorage.googleapis.com/v0/b/labelbox-193903.appspot.com/o/cjmacxyase88h0728ibuxr243%2Ff4118b52-b3d6-4fd7-90ae-22a8378c7fe9%2F01243.jpg?alt=media&token=93fc62f1-5f17-4a18-896d-1fcf2013fdbe,"{""Cube"":[{""geometry"":[{""x"":139,""y"":37},{""x"":139,""y"":0},{""x"":212,""y"":0},{""x"":212,""y"":37}]}]}",vatanaksoytezer@gmail.com,Explore the example project,1537436300000,2.604,01243.jpg,,Power Cubes-2,[],https://image-segmentation-v4.labelbox.com?project=cjmacxybi4pxl0780cqk0o2n0&label=cjmadvlo757t007801wirw8tx
cjmadvold57wo0780hqxvcbq4,https://firebasestorage.googleapis.com/v0/b/labelbox-193903.appspot.com/o/cjmacxyase88h0728ibuxr243%2Ff4118b52-b3d6-4fd7-90ae-22a8378c7fe9%2F01151.jpg?alt=media&token=62494cda-35ad-48ad-b75b-892064486c8d,"{""Cube"":[{""geometry"":[{""x"":203,""y"":41},{""x"":203,""y"":0},{""x"":324,""y"":0},{""x"":324,""y"":41}]}]}",vatanaksoytezer@gmail.com,Explore the example project,1537436304000,3.826,01151.jpg,,Power Cubes-2,[],https://image-segmentation-v4.labelbox.com?project=cjmacxybi4pxl0780cqk0o2n0&label=cjmadvold57wo0780hqxvcbq4
cjmadvqqf57yt0780tws44lel,https://firebasestorage.googleapis.com/v0/b/labelbox-193903.appspot.com/o/cjmacxyase88h0728ibuxr243%2Ff4118b52-b3d6-4fd7-90ae-22a8378c7fe9%2F01245.jpg?alt=media&token=ffb81fec-3ddd-4f2b-a586-ef1655ee8587,"{""Cube"":[{""geometry"":[{""x"":112,""y"":42},{""x"":112,""y"":0},{""x"":187,""y"":0},{""x"":187,""y"":42}]}]}",vatanaksoytezer@gmail.com,Explore the example project,1537436307000,2.613,01245.jpg,,Power Cubes-2,[],https://image-segmentation-v4.labelbox.com?project=cjmacxybi4pxl0780cqk0o2n0&label=cjmadvqqf57yt0780tws44lel
cjmadvshd58120780v42u77fn,https://firebasestorage.googleapis.com/v0/b/labelbox-193903.appspot.com/o/cjmacxyase88h0728ibuxr243%2Ff4118b52-b3d6-4fd7-90ae-22a8378c7fe9%2F01246.jpg?alt=media&token=5948e068-3054-4b3b-842f-7228a90e0a3c,"{""Cube"":[{""geometry"":[{""x"":138,""y"":33},{""x"":138,""y"":0},{""x"":219,""y"":0},{""x"":219,""y"":33}]}]}",vatanaksoytezer@gmail.com,Explore the example project,1537436309000,2.365,01246.jpg,,Power Cubes-2,[],https://image-segmentation-v4.labelbox.com?project=cjmacxybi4pxl0780cqk0o2n0&label=cjmadvshd58120780v42u77fn
cjmadvujk583c0780g3jtqap8,https://firebasestorage.googleapis.com/v0/b/labelbox-193903.appspot.com/o/cjmacxyase88h0728ibuxr243%2Ff4118b52-b3d6-4fd7-90ae-22a8378c7fe9%2F01247.jpg?alt=media&token=fd7c3eb9-8a66-4016-b7a6-bb1646ad06b2,"{""Cube"":[{""geometry"":[{""x"":100,""y"":37},{""x"":100,""y"":0},{""x"":188,""y"":0},{""x"":188,""y"":37}]}]}",vatanaksoytezer@gmail.com,Explore the example project,1537436312000,2.657,01247.jpg,,Power Cubes-2,[],https://image-segmentation-v4.labelbox.com?project=cjmacxybi4pxl0780cqk0o2n0&label=cjmadvujk583c0780g3jtqap8
cjmadvwop585707801cioumor,https://firebasestorage.googleapis.com/v0/b/labelbox-193903.appspot.com/o/cjmacxyase88h0728ibuxr243%2Ff4118b52-b3d6-4fd7-90ae-22a8378c7fe9%2F01249.jpg?alt=media&token=48bf2c20-a787-4b8b-b04f-83d021142019,"{""Cube"":[{""geometry"":[{""x"":124,""y"":40},{""x"":124,""y"":0},{""x"":205,""y"":0},{""x"":205,""y"":40}]}]}",vatanaksoytezer@gmail.com,Explore the example project,1537436315000,2.659,01249.jpg,,Power Cubes-2,[],https://image-segmentation-v4.labelbox.com?project=cjmacxybi4pxl0780cqk0o2n0&label=cjmadvwop585707801cioumor
